name,mid_lat,mid_lng,crime_rate_normalised,lighting_score,crime_source
Abbey Lane,55.956571,-3.167238,0.45,0.7,neighbourhood
Abbey Mount,55.955448,-3.172396,0.45,0.8,neighbourhood
Abbey Street,55.956685,-3.1692,0.45,0.7,neighbourhood
Abbeyhill,55.954751,-3.172221,0.45,0.6782,neighbourhood
Abbeyhill Crescent,55.953736,-3.174789,0.45,0.7,neighbourhood
Abbotsford Crescent,55.931876,-3.21271,0.15,0.7,neighbourhood
Abbotsford Park,55.932287,-3.211357,0.15,0.7,neighbourhood
Abercorn Avenue,55.95181,-3.145286,0.45,0.7,neighbourhood
Abercorn Crescent,55.951517,-3.146097,0.45,0.7,neighbourhood
Abercorn Drive,55.951018,-3.146175,0.45,0.7,neighbourhood
Abercorn Gardens,55.955471,-3.140168,0.45,0.55,neighbourhood
Abercorn Grove,55.951985,-3.147628,0.45,0.7,neighbourhood
Abercorn Road,55.95336,-3.150163,0.45,0.7,neighbourhood
Abercromby Place,55.956513,-3.196073,0.3,0.7,neighbourhood
Academy Court,55.953271,-3.147538,0.45,0.7,neighbourhood
Academy Park,55.968011,-3.167721,0.6,0.7,neighbourhood
Admiral Terrace,55.938218,-3.208323,0.2,0.7,neighbourhood
Advocate's Close,55.950272,-3.191438,0.75,0.45,neighbourhood
Ainslie Place,55.953282,-3.210201,0.12,0.7249,neighbourhood
Aird's Close,55.947632,-3.194192,0.7,0.5,neighbourhood
Albany Lane,55.957637,-3.191006,0.3,0.7,neighbourhood
Albany Street,55.957238,-3.191112,0.3,0.7,neighbourhood
Albany Street Lane,55.957793,-3.190664,0.3,0.55,neighbourhood
Albert Street,55.962503,-3.175034,0.45,0.7,neighbourhood
Albert Terrace,55.931262,-3.212802,0.15,0.7,neighbourhood
Albion Gardens,55.960505,-3.166174,0.45,0.7,neighbourhood
Albion Place,55.962188,-3.166617,0.45,0.6,neighbourhood
Albion Road,55.961355,-3.167378,0.45,0.66,neighbourhood
Alemoor Crescent,55.964631,-3.15675,0.6,0.7,neighbourhood
Alemoor Park,55.965168,-3.157644,0.6,0.7,neighbourhood
Alfred Place,55.935495,-3.171563,0.2,0.7,neighbourhood
Allan Street,55.959027,-3.213514,0.12,0.7,neighbourhood
Allanfield,55.960942,-3.176574,0.45,0.638,neighbourhood
Allanfield Place,55.961055,-3.174057,0.45,0.7,neighbourhood
Alva Street,55.950294,-3.210534,0.68,0.6,neighbourhood
Anchor Close,55.950305,-3.189439,0.75,0.4551,neighbourhood
Anderson's Close,55.948281,-3.193749,0.7,0.5,neighbourhood
Angle Park Terrace,55.938113,-3.224845,0.15,0.8,neighbourhood
Ann Terrace,55.954985,-3.162587,0.45,0.35,neighbourhood
Annandale Street,55.961178,-3.185954,0.45,0.7,neighbourhood
Annandale Street Lane,55.960815,-3.182656,0.45,0.55,neighbourhood
Arboretum Avenue,55.961235,-3.211577,0.12,0.7,neighbourhood
Arboretum Place,55.963879,-3.213026,0.12,0.6547,neighbourhood
Arboretum Road,55.967689,-3.214945,0.12,0.7,neighbourhood
Archers Walk,55.941416,-3.187698,0.25,0.5,neighbourhood
Archibald Place,55.944435,-3.196003,0.35,0.55,neighbourhood
Arden Street,55.937329,-3.196142,0.2,0.7,neighbourhood
Ardmillan Mews,55.938485,-3.227417,0.15,0.55,neighbourhood
Ardmillan Place,55.938611,-3.225081,0.15,0.7,neighbourhood
Ardmillan Terrace,55.93823,-3.226396,0.15,0.9,neighbourhood
Ardmillan Terrace Lane,55.938284,-3.227202,0.15,0.55,neighbourhood
Argyle Park Terrace,55.939665,-3.192145,0.25,0.6576,neighbourhood
Argyle Place,55.939146,-3.191495,0.25,0.7,neighbourhood
Arthur Street,55.965263,-3.17755,0.45,0.7,neighbourhood
Arthur Street Lane,55.965132,-3.178843,0.45,0.7,neighbourhood
Ascham Court,55.941852,-3.185206,0.25,0.6158,neighbourhood
Ashfield Grange,55.930531,-3.190198,0.15,0.55,neighbourhood
Ashley Drive,55.931285,-3.227156,0.15,0.7,neighbourhood
Ashley Grove,55.931474,-3.22801,0.15,0.7,neighbourhood
Ashley Place,55.969754,-3.18501,0.6,0.7,neighbourhood
Ashley Terrace,55.932055,-3.227623,0.15,0.8,neighbourhood
Atholl Crescent Lane,55.947548,-3.211744,0.68,0.7,neighbourhood
Avenue Villas,55.959271,-3.227118,0.1,0.7,neighbourhood
Avondale Place,55.961725,-3.20775,0.12,0.6538,neighbourhood
Back Dean,55.952955,-3.224982,0.1,0.7,neighbourhood
Back Station Road,55.935036,-3.1419,0.2,0.5,neighbourhood
Bailie Fyfe's Close,55.95052,-3.186273,0.75,0.4777,neighbourhood
Bainfield Drive,55.94059,-3.21627,0.4,0.7,neighbourhood
Bainfield Place,55.940237,-3.21564,0.4,0.55,neighbourhood
Bakehouse Close,55.95115,-3.179307,0.45,0.5348,neighbourhood
Balfour Place,55.967069,-3.179617,0.6,0.6815,neighbourhood
Balfour Street,55.966802,-3.17755,0.6,0.7,neighbourhood
Balmoral Place,55.961615,-3.209179,0.12,0.649,neighbourhood
Bangholm Terrace,55.969328,-3.206399,0.12,0.55,neighbourhood
Bank Street,55.949716,-3.192803,0.75,0.8,neighbourhood
Barclay Terrace,55.939557,-3.204194,0.2,0.7,neighbourhood
Barleyhill Terrace,55.96698,-3.15817,0.6,0.6322,neighbourhood
Baron Maule's Close,55.950807,-3.184906,0.75,0.45,neighbourhood
Baronscourt Road,55.954414,-3.146392,0.45,0.7,neighbourhood
Baronscourt Terrace,55.953386,-3.144062,0.45,0.7,neighbourhood
Barony Street,55.957929,-3.191424,0.3,0.7,neighbourhood
Barrace Steps,55.947467,-3.202231,0.65,0.45,neighbourhood
Barrie's Close,55.949287,-3.189809,0.75,0.45,neighbourhood
Beaufort Road,55.935143,-3.191927,0.15,0.8,neighbourhood
Beaverbank Place,55.964374,-3.194856,0.3,0.7,neighbourhood
Beaverhall Road,55.965634,-3.192706,0.3,0.7,neighbourhood
Bedford Court,55.957903,-3.213519,0.12,0.7,neighbourhood
Bedford Street,55.958397,-3.214368,0.12,0.6189,neighbourhood
Belford Avenue,55.953596,-3.229265,0.1,0.7,neighbourhood
Belford Mews,55.951738,-3.219719,0.1,0.6571,neighbourhood
Belford Park,55.950464,-3.225223,0.1,0.7,neighbourhood
Belford Place,55.949795,-3.225061,0.1,0.7,neighbourhood
Belford Road,55.951407,-3.22106,0.1,0.7455,neighbourhood
Belgrave Crescent,55.953782,-3.217538,0.1,0.7,neighbourhood
Belgrave Crescent Lane,55.954442,-3.21772,0.1,0.55,neighbourhood
Belgrave Mews,55.954299,-3.220613,0.1,0.55,neighbourhood
Belgrave Place,55.954228,-3.219691,0.1,0.7,neighbourhood
Bell Place,55.961815,-3.206626,0.12,0.6761,neighbourhood
Bell Place Footbridge,55.962358,-3.20654,0.12,0.45,neighbourhood
Bell's Brae,55.952339,-3.21436,0.1,0.7,neighbourhood
Bell's Mills,55.950399,-3.222805,0.1,0.55,neighbourhood
Bell's Wynd,55.949538,-3.188629,0.75,0.4652,neighbourhood
Belleville Court,55.935129,-3.178758,0.2,0.5335,neighbourhood
Bellevue,55.960758,-3.193122,0.3,0.85,neighbourhood
Bellevue Crescent,55.960454,-3.193275,0.3,0.7,neighbourhood
Bellevue Gardens,55.963618,-3.189556,0.3,0.7,neighbourhood
Bellevue Grove,55.962025,-3.188923,0.3,0.7,neighbourhood
Bellevue Place,55.960924,-3.191149,0.3,0.7,neighbourhood
Bellevue Road,55.963033,-3.188656,0.3,0.7,neighbourhood
Bellevue Street,55.96234,-3.190469,0.3,0.7,neighbourhood
Bellevue Terrace,55.961529,-3.194017,0.3,0.7,neighbourhood
Bernard Terrace,55.941206,-3.179576,0.25,0.8,neighbourhood
Bethlehem Way,55.963839,-3.160353,0.45,0.7,neighbourhood
Bishop's Close,55.950318,-3.186787,0.75,0.5,neighbourhood
Bishop's Walk,55.948381,-3.215428,0.35,0.55,neighbourhood
Blacket Avenue,55.936397,-3.173681,0.2,0.7,neighbourhood
Blacket Place,55.93656,-3.173961,0.2,0.7,neighbourhood
Blackford Avenue,55.930608,-3.189701,0.15,0.8,neighbourhood
Blackford Road,55.93231,-3.196462,0.2,0.7,neighbourhood
Blackfriars Street,55.949653,-3.185911,0.75,0.6,neighbourhood
Blackie Road,55.968773,-3.157344,0.6,0.7,neighbourhood
Blackwood Crescent,55.938453,-3.180347,0.2,0.7,neighbourhood
Blair Street,55.949261,-3.187636,0.75,0.6,neighbourhood
Blair's Close,55.948789,-3.196044,0.7,0.45,neighbourhood
Blandfield,55.966129,-3.187761,0.3,0.6503,neighbourhood
Blantyre Terrace,55.934219,-3.212755,0.15,0.7,neighbourhood
Blenheim Place,55.957497,-3.182862,0.45,0.7,neighbourhood
Boat Green,55.963683,-3.198198,0.3,0.6906,neighbourhood
Bonnington Road,55.96951,-3.182651,0.6,0.8116,neighbourhood
Boroughloch,55.941833,-3.184511,0.25,0.7,neighbourhood
Boroughloch Square,55.941706,-3.184256,0.25,0.55,neighbourhood
Borthwick Place,55.944745,-3.227804,0.35,0.7,neighbourhood
Borthwick's Close,55.949452,-3.189391,0.75,0.45,neighbourhood
Boswell's Court,55.948865,-3.195554,0.7,0.5,neighbourhood
Bothwell Street,55.960532,-3.169241,0.45,0.7,neighbourhood
Bowmont Place,55.9441,-3.180036,0.75,0.7,neighbourhood
Boyd's Entry,55.950039,-3.183443,0.75,0.55,neighbourhood
Boys Brigade Walk,55.940988,-3.188896,0.25,0.5,neighbourhood
Brandfield Street,55.943312,-3.212302,0.4,0.7,neighbourhood
Brandon Street,55.961249,-3.201326,0.3,0.8,neighbourhood
Bread Street,55.945822,-3.203608,0.68,0.8,neighbourhood
Bread Street Lane,55.945419,-3.204482,0.68,0.55,neighbourhood
Bridge Place,55.96057,-3.210828,0.12,0.7,neighbourhood
Briery Bauks,55.946408,-3.180699,0.75,0.6762,neighbourhood
Bright's Crescent,55.932494,-3.17528,0.2,0.7,neighbourhood
Brighton Street,55.946402,-3.189133,0.75,0.7,neighbourhood
Bristo Place,55.946173,-3.190072,0.75,0.8,neighbourhood
Bristo Port,55.946564,-3.190309,0.75,0.55,neighbourhood
Brodie's Close,55.949295,-3.193185,0.7,0.5,neighbourhood
Broughton Market,55.957797,-3.193067,0.3,0.55,neighbourhood
Broughton Place,55.958682,-3.188434,0.3,0.7,neighbourhood
Broughton Place Lane,55.959332,-3.188636,0.3,0.7,neighbourhood
Broughton Road,55.965563,-3.190558,0.3,0.85,neighbourhood
Broughton Street,55.957693,-3.188959,0.3,0.8335,neighbourhood
Broughton Street Lane,55.957441,-3.186974,0.45,0.6435,neighbourhood
Brown Street,55.945822,-3.180289,0.75,0.7,neighbourhood
Brown's Close,55.952283,-3.17687,0.45,0.7,neighbourhood
Brunswick Road,55.960474,-3.176206,0.45,0.7,neighbourhood
Brunswick Road Lane,55.961194,-3.17171,0.45,0.55,neighbourhood
Brunswick Street,55.95957,-3.18031,0.45,0.7068,neighbourhood
Brunswick Street Lane,55.959008,-3.179008,0.45,0.55,neighbourhood
Brunton Terrace,55.958251,-3.173729,0.45,0.7,neighbourhood
Bruntsfield Avenue,55.936638,-3.20954,0.2,0.7,neighbourhood
Bruntsfield Crescent,55.936237,-3.20343,0.2,0.6868,neighbourhood
Bruntsfield Gardens,55.935435,-3.208433,0.2,0.7,neighbourhood
Bruntsfield Place,55.937341,-3.207059,0.2,0.9,neighbourhood
Bruntsfield Terrace,55.9368,-3.206292,0.2,0.7,neighbourhood
Bryson Road,55.938323,-3.222516,0.15,0.645,neighbourhood
Buccleuch Place,55.942822,-3.186604,0.25,0.6,neighbourhood
Buccleuch Place Lane,55.942609,-3.185585,0.25,0.75,neighbourhood
Buccleuch Street,55.942531,-3.184269,0.25,0.8,neighbourhood
Buccleuch Terrace,55.941351,-3.182775,0.25,0.7,neighbourhood
Buchanan Street,55.963766,-3.176166,0.45,0.7105,neighbourhood
Buckingham Terrace,55.954994,-3.21797,0.1,0.7,neighbourhood
Bull's Close,55.951551,-3.178106,0.45,0.5,neighbourhood
Burgess Terrace,55.933759,-3.167842,0.2,0.7,neighbourhood
Burnet's Close,55.949834,-3.188949,0.75,0.5,neighbourhood
Burns Street,55.968622,-3.164935,0.6,0.7,neighbourhood
Byre's Close,55.949882,-3.191622,0.75,0.5,neighbourhood
Cairntows Close,55.934278,-3.141294,0.2,0.5952,neighbourhood
Caledonian Crescent,55.942427,-3.218608,0.35,0.7,neighbourhood
Caledonian Place,55.943314,-3.218055,0.35,0.7,neighbourhood
Caledonian Road,55.943726,-3.216768,0.35,0.7,neighbourhood
Calton Hill,55.954244,-3.186204,0.45,0.6,neighbourhood
Calton Road,55.953027,-3.181947,0.45,0.6,neighbourhood
Calton Wynd,55.952824,-3.178854,0.45,0.5,neighbourhood
Cambridge Avenue,55.965983,-3.178688,0.6,0.7,neighbourhood
Cambridge Gardens,55.966332,-3.178959,0.6,0.7,neighbourhood
Cambridge Street,55.947811,-3.205029,0.68,0.7,neighbourhood
Cambusnethan Street,55.956884,-3.16199,0.45,0.7,neighbourhood
Cameron House Avenue,55.93131,-3.160396,0.2,0.7,neighbourhood
Cameron Park,55.930608,-3.161654,0.2,0.7,neighbourhood
Campbell's Close,55.952428,-3.177434,0.45,0.5536,neighbourhood
Candlemaker Row,55.947383,-3.192182,0.75,0.8,neighbourhood
Canning Street,55.947832,-3.210362,0.68,0.6,neighbourhood
Canning Street Lane,55.947722,-3.210836,0.68,0.7,neighbourhood
Canon Lane,55.961901,-3.19997,0.3,0.5591,neighbourhood
Canon Street,55.961991,-3.198405,0.3,0.7,neighbourhood
Canongate,55.951642,-3.178986,0.45,0.8,neighbourhood
Canonmills,55.962487,-3.197835,0.3,0.8227,neighbourhood
Canonmills Bridge,55.962984,-3.200254,0.3,0.85,neighbourhood
Carberry Place,55.94446,-3.228466,0.35,0.7,neighbourhood
Carlton Street,55.957182,-3.210895,0.12,0.7,neighbourhood
Carlton Terrace,55.956351,-3.173623,0.45,0.7,neighbourhood
Carlton Terrace Brae,55.956648,-3.173103,0.45,0.7,neighbourhood
Carlton Terrace Lane,55.956176,-3.174871,0.45,0.7,neighbourhood
Carlton Terrace Mews,55.956202,-3.174355,0.45,0.7,neighbourhood
Carmichael Place,55.969216,-3.186279,0.6,0.7,neighbourhood
Carnegie Court,55.944528,-3.180409,0.75,0.4796,neighbourhood
Carrington Road,55.961794,-3.225193,0.12,0.6,neighbourhood
Carrubber's Close,55.95076,-3.187172,0.75,0.472,neighbourhood
Casselbank Street,55.969841,-3.172911,0.6,0.7,neighbourhood
Castle Street,55.951284,-3.202888,0.65,0.6935,neighbourhood
Castle Terrace,55.948177,-3.204598,0.68,0.6,neighbourhood
Castle Wynd North,55.948553,-3.196331,0.7,0.45,neighbourhood
Castle Wynd South,55.947959,-3.196538,0.7,0.45,neighbourhood
Castlebarns Steps,55.948364,-3.204346,0.68,0.45,neighbourhood
Castlebrae Glebe,55.931534,-3.141788,0.2,0.7,neighbourhood
Castlebrae Grove,55.9311,-3.141697,0.2,0.7,neighbourhood
Castlebrae Place,55.931031,-3.14275,0.2,0.6308,neighbourhood
Castlebrae Wynd,55.93039,-3.141599,0.2,0.582,neighbourhood
Castlehill,55.948928,-3.195428,0.7,0.75,neighbourhood
Castleview Drive,55.931068,-3.143938,0.2,0.6314,neighbourhood
Castleview Grove,55.930535,-3.143234,0.2,0.7,neighbourhood
Castleview Terrace,55.931351,-3.143971,0.2,0.7,neighbourhood
Cathcart Place,55.942615,-3.223229,0.35,0.7,neighbourhood
Cathedral Lane,55.956217,-3.188091,0.3,0.75,neighbourhood
Causewayside,55.936266,-3.18012,0.2,0.8,neighbourhood
Cavalry Park Drive,55.942546,-3.143548,0.2,0.6,neighbourhood
Cemetery Road,55.969029,-3.198796,0.12,0.55,neighbourhood
Chalmer's Buildings,55.944001,-3.207477,0.68,0.5,neighbourhood
Chalmers Close,55.950865,-3.185862,0.75,0.4817,neighbourhood
Chalmers Crescent,55.936729,-3.191119,0.15,0.7,neighbourhood
Chalmers Street,55.943629,-3.197284,0.35,0.6,neighbourhood
Chamberlain Road,55.934301,-3.207813,0.2,0.8,neighbourhood
Chambers Street,55.947686,-3.188482,0.75,0.6,neighbourhood
Chapel Street,55.94427,-3.185805,0.75,0.8,neighbourhood
Chapel Wynd,55.946946,-3.199004,0.65,0.5182,neighbourhood
Charles Street,55.944643,-3.187793,0.75,0.6,neighbourhood
Charles Street Lane,55.944644,-3.189285,0.35,0.55,neighbourhood
Charlesfield,55.945052,-3.188012,0.75,0.6723,neighbourhood
Charlotte Lane,55.951017,-3.209345,0.68,0.7,neighbourhood
Chessel's Court,55.950407,-3.182697,0.75,0.5244,neighbourhood
Chester Street,55.949728,-3.216557,0.35,0.8,neighbourhood
Chester Street Mews,55.949778,-3.215485,0.35,0.55,neighbourhood
Cheyne Street,55.958566,-3.21281,0.12,0.7,neighbourhood
Chuckie Pend,55.946171,-3.206653,0.68,0.55,neighbourhood
Church Hill,55.932306,-3.206873,0.2,0.7828,neighbourhood
Church Hill Place,55.932172,-3.209041,0.15,0.8,neighbourhood
Churchhill Drive,55.931768,-3.207805,0.1,0.55,neighbourhood
Circus Gardens,55.956454,-3.205634,0.12,0.7,neighbourhood
Circus Lane,55.958105,-3.204992,0.12,0.7,neighbourhood
Circus Place,55.956988,-3.204471,0.3,0.8,neighbourhood
City Chambers Quadrangle,55.950194,-3.190294,0.75,0.55,neighbourhood
Clarebank Crescent,55.96824,-3.156776,0.6,0.7,neighbourhood
Claremont Bank,55.96235,-3.193505,0.3,0.7,neighbourhood
Claremont Court,55.964708,-3.189081,0.3,0.55,neighbourhood
Claremont Crescent,55.963735,-3.191764,0.3,0.7,neighbourhood
Claremont Gardens,55.969176,-3.155239,0.6,0.7,neighbourhood
Claremont Grove,55.962932,-3.193193,0.3,0.7,neighbourhood
Claremont Road,55.968231,-3.155966,0.6,0.7,neighbourhood
Claremont Street East Lane,55.962864,-3.192253,0.3,0.7,neighbourhood
Clarence Street,55.959163,-3.205908,0.12,0.7,neighbourhood
Clarendon Crescent,55.955516,-3.216203,0.1,0.7,neighbourhood
Clearburn Crescent,55.932681,-3.161352,0.2,0.7,neighbourhood
Clearburn Gardens,55.932504,-3.159948,0.2,0.7,neighbourhood
Clearburn Road,55.931948,-3.157261,0.2,0.7,neighbourhood
Clerk Street,55.942332,-3.182354,0.25,0.9,neighbourhood
Clinton Road,55.932247,-3.202457,0.2,0.7,neighbourhood
Clockmill Lane,55.955294,-3.159794,0.45,0.6237,neighbourhood
Coates Gardens,55.947016,-3.221681,0.35,0.7,neighbourhood
Cobden Crescent,55.932955,-3.170603,0.2,0.7,neighbourhood
Cobden Road,55.932464,-3.170985,0.2,0.7,neighbourhood
Cochran Terrace,55.959787,-3.189596,0.3,0.7,neighbourhood
Cochrane Place,55.968852,-3.163057,0.6,0.7,neighbourhood
Cockburn Street,55.950547,-3.189691,0.75,0.6,neighbourhood
Coffin Lane,55.940314,-3.223159,0.35,0.45,neighbourhood
Coinyie-House Close,55.949495,-3.185081,0.75,0.5,neighbourhood
Colinton Road,55.932203,-3.215553,0.15,0.8,neighbourhood
College View,55.965157,-3.222156,0.12,0.55,neighbourhood
College Wynd,55.948582,-3.188186,0.75,0.5,neighbourhood
Collins Place,55.961572,-3.209646,0.12,0.6749,neighbourhood
Colville Place,55.961506,-3.21009,0.12,0.7,neighbourhood
Comely Bank,55.958605,-3.224613,0.1,0.55,neighbourhood
Comely Bank Avenue,55.957719,-3.217408,0.12,0.8,neighbourhood
Comely Bank Grove,55.957667,-3.220417,0.1,0.7,neighbourhood
Comely Bank Place,55.958672,-3.216971,0.12,0.7,neighbourhood
Comely Bank Road,55.959184,-3.219266,0.12,0.85,neighbourhood
Comely Bank Row,55.957474,-3.216235,0.12,0.7,neighbourhood
Comely Bank Street,55.958676,-3.21956,0.12,0.7,neighbourhood
Comely Green Crescent,55.955939,-3.164615,0.45,0.7,neighbourhood
Comely Green Place,55.956546,-3.165637,0.45,0.7,neighbourhood
Conference Square,55.9471,-3.208518,0.68,0.75,neighbourhood
Considine Gardens,55.953941,-3.153506,0.45,0.5,neighbourhood
Considine Terrace,55.95437,-3.154217,0.45,0.45,neighbourhood
Considine Terrace Stairway,55.95437,-3.154217,0.45,0.45,neighbourhood
Convening Court,55.952519,-3.218492,0.1,0.4536,neighbourhood
Cooper's Close,55.951334,-3.178852,0.45,0.5459,neighbourhood
Cornhill Terrace,55.967764,-3.160654,0.6,0.7,neighbourhood
Cornwall Street,55.94714,-3.203692,0.68,0.7,neighbourhood
Cornwallis Place,55.961352,-3.194454,0.3,0.7,neighbourhood
Coronation Walk,55.94153,-3.195614,0.35,0.5,neighbourhood
Covenant Close,55.949817,-3.189068,0.75,0.45,neighbourhood
Cowan Road,55.932111,-3.228369,0.15,0.7,neighbourhood
Cowan's Close,55.943424,-3.182167,0.25,0.7,neighbourhood
Cowgate,55.948631,-3.188147,0.75,0.7876,neighbourhood
Cowgatehead,55.947815,-3.19395,0.7,0.8,neighbourhood
Craig's Close,55.950824,-3.190017,0.75,0.45,neighbourhood
Craigentinny Avenue North,55.968418,-3.142593,0.6,0.7,neighbourhood
Craigentinny Road,55.961489,-3.143711,0.45,0.7801,neighbourhood
Craigentinny and Powderhall Branch,55.968108,-3.189564,0.6,0.35,neighbourhood
Craigleith Road,55.958188,-3.227843,0.1,0.85,neighbourhood
Craigmillar Castle Gardens,55.931025,-3.145332,0.2,0.6588,neighbourhood
Craigmillar Castle Road,55.931839,-3.140685,0.2,0.6937,neighbourhood
Craigmillar Park,55.930973,-3.171403,0.2,0.9,neighbourhood
Craigs Close,55.950454,-3.190012,0.75,0.45,neighbourhood
Cranston Street,55.951109,-3.184111,0.75,0.6,neighbourhood
Crawfurd Road,55.930907,-3.169519,0.2,0.7,neighbourhood
Crewe Road South,55.959694,-3.227881,0.1,0.8,neighbourhood
Crichton Street,55.944578,-3.186995,0.75,0.6,neighbourhood
Crichton's Close,55.951442,-3.178317,0.45,0.5,neighbourhood
Croft-an-Righ,55.954451,-3.171393,0.45,0.6,neighbourhood
Crooked Dykes,55.944027,-3.18235,0.75,0.5,neighbourhood
Crown Place,55.969764,-3.171875,0.6,0.7,neighbourhood
Crown Street,55.969279,-3.171623,0.6,0.506,neighbourhood
Cumberland Street,55.958602,-3.200028,0.3,0.7,neighbourhood
Cumin Place,55.935151,-3.185072,0.2,0.7,neighbourhood
Currie's Close,55.947908,-3.195015,0.7,0.5,neighbourhood
Dalgety Avenue,55.958306,-3.162308,0.45,0.7,neighbourhood
Dalgety Road,55.958152,-3.160877,0.45,0.7,neighbourhood
Dalgety Street,55.95781,-3.161133,0.45,0.7,neighbourhood
Dalkeith Road,55.935732,-3.169645,0.2,0.89,neighbourhood
Dalkeith Road Mews,55.933179,-3.166692,0.2,0.55,neighbourhood
Dalmeny Street,55.964745,-3.173421,0.45,0.7,neighbourhood
Dalry Gait,55.944365,-3.219065,0.35,0.7,neighbourhood
Dalry Place,55.944806,-3.216579,0.35,0.75,neighbourhood
Dalry Road,55.942422,-3.221488,0.35,0.9,neighbourhood
Dalrymple Crescent,55.933478,-3.182503,0.2,0.7,neighbourhood
Damside,55.952203,-3.218401,0.1,0.6348,neighbourhood
Danube Street,55.956738,-3.211951,0.12,0.7,neighbourhood
Darnaway Street,55.954677,-3.207299,0.12,0.7,neighbourhood
Darvel Gait,55.966039,-3.147925,0.6,0.7,neighbourhood
Davie Street,55.945192,-3.182948,0.75,0.7,neighbourhood
Dean Bank Lane,55.959435,-3.208118,0.12,0.7,neighbourhood
Dean Park Crescent,55.956641,-3.214958,0.12,0.7867,neighbourhood
Dean Park Mews,55.958057,-3.215633,0.12,0.7,neighbourhood
Dean Park Street,55.958308,-3.214926,0.12,0.7,neighbourhood
Dean Path,55.953915,-3.219957,0.1,0.6734,neighbourhood
Dean Path Buildings,55.952633,-3.217804,0.1,0.7,neighbourhood
Dean Street,55.958072,-3.212265,0.12,0.8,neighbourhood
Dean Terrace,55.95708,-3.210068,0.12,0.7,neighbourhood
Deanery Close,55.957913,-3.148949,0.45,0.55,neighbourhood
Deanhaugh Path,55.959441,-3.209072,0.12,0.3762,neighbourhood
Deanhaugh Street,55.958401,-3.20952,0.12,0.85,neighbourhood
Designated bike track,55.947671,-3.148962,0.45,0.35,neighbourhood
Devon Gardens,55.94472,-3.225126,0.35,0.5521,neighbourhood
Devon Place,55.945272,-3.224561,0.35,0.7,neighbourhood
Dewar Place,55.946573,-3.211206,0.68,0.85,neighbourhood
Dewar Place Lane,55.946528,-3.212708,0.35,0.6759,neighbourhood
Dick Place,55.933666,-3.187073,0.15,0.7,neighbourhood
Dickson Street,55.964099,-3.17205,0.45,0.7,neighbourhood
Dickson's Close,55.949066,-3.186297,0.75,0.45,neighbourhood
Dicksonfield,55.96126,-3.179253,0.45,0.5977,neighbourhood
Distillery Lane,55.944967,-3.219438,0.35,0.55,neighbourhood
Donaldson Crescent,55.94746,-3.225833,0.35,0.55,neighbourhood
Donaldson Drive,55.947142,-3.225798,0.35,0.55,neighbourhood
Dorset Place,55.938859,-3.215821,0.4,0.7,neighbourhood
Douglas Crescent,55.94928,-3.221625,0.35,0.7,neighbourhood
Douglas Gardens,55.950539,-3.220401,0.1,0.8,neighbourhood
Douglas Gardens Mews,55.950911,-3.219865,0.1,0.7,neighbourhood
Doune Terrace,55.956056,-3.208694,0.12,0.7,neighbourhood
Downfield Place,55.941682,-3.224703,0.35,0.7,neighbourhood
Drum Terrace,55.962385,-3.170303,0.45,0.7,neighbourhood
Drumdryan Street,55.942704,-3.202463,0.5,0.7,neighbourhood
Drummond Place,55.958552,-3.195202,0.3,0.7,neighbourhood
Drummond Street,55.947789,-3.184021,0.75,0.6353,neighbourhood
Drumsheugh Gardens,55.951063,-3.214477,0.1,0.7466,neighbourhood
Drybrough Crescent,55.932552,-3.144368,0.2,0.7,neighbourhood
Dryden Gait,55.964603,-3.184029,0.45,0.6532,neighbourhood
Dryden Gardens,55.964848,-3.182707,0.45,0.7,neighbourhood
Dryden Place,55.937045,-3.173071,0.2,0.7,neighbourhood
Dryden Street,55.9647,-3.181659,0.45,0.7,neighbourhood
Dryden Terrace,55.963514,-3.183863,0.45,0.7,neighbourhood
Drysdale Gait,55.94257,-3.214035,0.4,0.5,neighbourhood
Drysdale Road,55.942412,-3.21504,0.4,0.7,neighbourhood
Dublin Meuse,55.9575,-3.194509,0.3,0.7,neighbourhood
Dublin Street,55.956979,-3.193536,0.3,0.6347,neighbourhood
Dublin Street Lane North,55.958135,-3.192846,0.3,0.6257,neighbourhood
Dublin Street Lane South,55.956663,-3.191594,0.3,0.7,neighbourhood
Duddingston Low Road,55.940373,-3.159954,0.2,0.7363,neighbourhood
Duddingston Road West,55.938327,-3.143991,0.2,0.8,neighbourhood
Duff Road,55.943511,-3.223584,0.35,0.7,neighbourhood
Duff Street,55.942805,-3.225078,0.35,0.7,neighbourhood
Duff Street Lane,55.941685,-3.225883,0.35,0.6628,neighbourhood
Duke Street,55.969261,-3.168215,0.6,0.8,neighbourhood
Duke Street Glebe,55.969412,-3.169041,0.6,0.5,neighbourhood
Duke's Walk,55.953862,-3.159201,0.45,0.8,neighbourhood
Dumbiedykes Road,55.948683,-3.177927,0.75,0.6703,neighbourhood
Dun-Ard,55.930712,-3.191456,0.15,0.55,neighbourhood
Dunbar Street,55.943924,-3.204728,0.5,0.7,neighbourhood
Dunbar's Close,55.951736,-3.178816,0.45,0.5,neighbourhood
Duncan Place,55.969594,-3.168127,0.6,0.8,neighbourhood
Duncan Street,55.935206,-3.177639,0.2,0.6,neighbourhood
Dundas Street,55.958267,-3.199806,0.3,0.8,neighbourhood
Dundee Street,55.940622,-3.218158,0.4,0.8,neighbourhood
Dundee Terrace,55.938871,-3.222815,0.15,0.7,neighbourhood
Dundonald Street,55.959189,-3.196852,0.3,0.7,neighbourhood
Dunedin Street,55.965016,-3.192447,0.3,0.7,neighbourhood
Dunlop's Court,55.947473,-3.196611,0.7,0.5,neighbourhood
Dunrobin Place,55.96167,-3.208709,0.12,0.6427,neighbourhood
Dyer's Close,55.948035,-3.191309,0.75,0.4551,neighbourhood
East Adam Street,55.947367,-3.182521,0.75,0.7,neighbourhood
East Broughton Place,55.958426,-3.18662,0.45,0.7,neighbourhood
East Castle Road,55.935564,-3.215665,0.15,0.7,neighbourhood
East Claremont Street,55.96263,-3.191669,0.3,0.7,neighbourhood
East Crosscauseway,55.943893,-3.181961,0.75,0.7,neighbourhood
East Entry,55.949497,-3.193918,0.7,0.5,neighbourhood
East Fettes Avenue,55.96455,-3.222231,0.12,0.8,neighbourhood
East Fountainbridge,55.945366,-3.203515,0.68,0.7827,neighbourhood
East Hermitage Place,55.969624,-3.16192,0.6,0.8,neighbourhood
East London Street,55.959815,-3.188164,0.3,0.7,neighbourhood
East Market Street,55.951477,-3.185097,0.75,0.6,neighbourhood
East Mayfield,55.934371,-3.171455,0.2,0.7,neighbourhood
East Montgomery Place,55.959678,-3.176446,0.45,0.7,neighbourhood
East Newington Place,55.938591,-3.177926,0.2,0.55,neighbourhood
East Parkside,55.941659,-3.173645,0.2,0.658,neighbourhood
East Preston Street,55.939388,-3.177508,0.2,0.9,neighbourhood
East Preston Street Lane,55.939013,-3.178256,0.2,0.55,neighbourhood
East Sciennes Street,55.938506,-3.181919,0.2,0.7,neighbourhood
East Scotland Street Lane,55.959907,-3.193868,0.3,0.7,neighbourhood
East Silvermills Lane,55.959528,-3.203483,0.12,0.75,neighbourhood
East Suffolk Road,55.930601,-3.168167,0.2,0.7,neighbourhood
Easter Dalry Drive,55.943852,-3.222117,0.35,0.7,neighbourhood
Easter Dalry Place,55.94388,-3.223073,0.35,0.6006,neighbourhood
Easter Dalry Rigg,55.943369,-3.222975,0.35,0.5933,neighbourhood
Easter Dalry Road,55.943639,-3.221225,0.35,0.7,neighbourhood
Easter Dalry Wynd,55.944308,-3.220898,0.35,0.7,neighbourhood
Easter Hermitage,55.966411,-3.157571,0.6,0.6728,neighbourhood
Easter Road,55.962689,-3.17072,0.45,0.8,neighbourhood
Eden Lane,55.930449,-3.203829,0.1,0.55,neighbourhood
Eden Terrace,55.930878,-3.204109,0.1,0.7,neighbourhood
Edina Place,55.959351,-3.170317,0.45,0.617,neighbourhood
Edina Street,55.959698,-3.172191,0.45,0.7,neighbourhood
Eglinton Crescent,55.948037,-3.221508,0.35,0.7,neighbourhood
Eildon Street,55.966364,-3.201195,0.12,0.7,neighbourhood
Eildon Terrace,55.966869,-3.202763,0.12,0.7,neighbourhood
Elder Street,55.955136,-3.190209,0.3,0.6321,neighbourhood
Elgar Court,55.93302,-3.219186,0.15,0.7,neighbourhood
Elgin Street,55.959656,-3.174595,0.45,0.7,neighbourhood
Elgin Street North,55.960508,-3.173034,0.45,0.55,neighbourhood
Elgin Terrace,55.95977,-3.172797,0.45,0.7,neighbourhood
Elliot Street,55.96205,-3.173143,0.45,0.6466,neighbourhood
Elm Place,55.96891,-3.16262,0.6,0.7,neighbourhood
Elm Row,55.958788,-3.183483,0.45,0.55,neighbourhood
Elsie Inglis Way,55.956237,-3.166518,0.45,0.7,neighbourhood
Eric Liddell Way,55.936835,-3.204237,0.2,0.5,neighbourhood
Esdaile Bank,55.932155,-3.192,0.15,0.55,neighbourhood
Esdaile Park,55.9314,-3.192126,0.15,0.55,neighbourhood
Eton Terrace,55.954681,-3.213619,0.1,0.7,neighbourhood
Ettrick Grove,55.935422,-3.215037,0.15,0.7,neighbourhood
Ettrick Loan,55.933718,-3.219558,0.15,0.7,neighbourhood
Ettrick Road,55.93367,-3.22036,0.15,0.7,neighbourhood
Ettrickdale Place,55.96189,-3.205323,0.12,0.6118,neighbourhood
Eyre Crescent,55.961392,-3.199471,0.3,0.7,neighbourhood
Eyre Place,55.961329,-3.198728,0.3,0.85,neighbourhood
Eyre Place Lane,55.961558,-3.197172,0.3,0.7,neighbourhood
Eyre Terrace,55.960467,-3.199665,0.3,0.7,neighbourhood
Fairholm Mews,55.931827,-3.203783,0.2,0.7,neighbourhood
Falcon Avenue,55.930111,-3.207572,0.1,0.7,neighbourhood
Falcon Gardens,55.930568,-3.205465,0.1,0.7,neighbourhood
Ferry Road,55.969582,-3.225214,0.12,0.9,neighbourhood
Fettes Rise,55.967769,-3.222751,0.12,0.6451,neighbourhood
Fettes Row,55.959143,-3.201201,0.3,0.7,neighbourhood
Findhorn Place,55.933684,-3.180196,0.2,0.7,neighbourhood
Findlay Avenue,55.963873,-3.150179,0.6,0.7,neighbourhood
Findlay Cottages,55.965285,-3.149831,0.6,0.5,neighbourhood
Findlay Court,55.955397,-3.194314,0.3,0.5,neighbourhood
Findlay Gardens,55.964664,-3.147941,0.6,0.7,neighbourhood
Findlay Grove,55.963287,-3.148112,0.6,0.5,neighbourhood
Findlay Medway,55.964313,-3.148999,0.6,0.7,neighbourhood
Fingal Place,55.939507,-3.190835,0.25,0.7,neighbourhood
Fingzies Place,55.969114,-3.162228,0.6,0.7,neighbourhood
Fisher's Close,55.949071,-3.193251,0.7,0.45,neighbourhood
Flaxmill Place,55.969474,-3.186396,0.6,0.5529,neighbourhood
Fleming Place,55.966623,-3.148002,0.6,0.7,neighbourhood
Fleshmarket Close,55.950664,-3.188694,0.75,0.4693,neighbourhood
Forbes Road,55.935557,-3.207389,0.2,0.7,neighbourhood
Forbes Street,55.9436,-3.179372,0.25,0.6581,neighbourhood
Forkenford,55.936412,-3.144242,0.2,0.7,neighbourhood
Forres Street,55.953774,-3.207751,0.12,0.7,neighbourhood
Forrest Hill,55.94602,-3.191505,0.75,0.55,neighbourhood
Forrest Road,55.945912,-3.191063,0.75,0.6981,neighbourhood
Forsyth's Close,55.952294,-3.176233,0.45,0.5,neighbourhood
Forth Street,55.957803,-3.187407,0.3,0.7,neighbourhood
Fountain Close,55.950258,-3.18479,0.75,0.4787,neighbourhood
Fountainbridge,55.942933,-3.210487,0.4,0.8,neighbourhood
Fountainbridge Square,55.943107,-3.208365,0.4,0.642,neighbourhood
Fountainhall Court,55.932561,-3.178572,0.2,0.55,neighbourhood
Fountainhall Road,55.931736,-3.181779,0.2,0.7,neighbourhood
Fowler Terrace,55.939246,-3.219927,0.15,0.7,neighbourhood
Frederick Street,55.954346,-3.201232,0.3,0.6,neighbourhood
Freer Gait,55.942419,-3.210558,0.4,0.75,neighbourhood
Freer Street,55.942857,-3.209737,0.4,0.7,neighbourhood
Gabriel's Road,55.953745,-3.19018,0.3,0.5,neighbourhood
Galloways Entry,55.952379,-3.176074,0.45,0.55,neighbourhood
Gardner's Crescent,55.94467,-3.209622,0.4,0.7,neighbourhood
Gayfield Close,55.958931,-3.185947,0.45,0.7,neighbourhood
Gayfield Place Lane,55.959403,-3.184349,0.45,0.45,neighbourhood
Gayfield Square,55.959195,-3.185622,0.45,0.7,neighbourhood
Gayfield Street,55.959,-3.186629,0.45,0.7,neighbourhood
Gayfield Street Lane,55.95908,-3.187015,0.45,0.7,neighbourhood
Geddes' Entry,55.950162,-3.189187,0.75,0.5,neighbourhood
General Maczek Walk,55.940343,-3.199451,0.5,0.5,neighbourhood
Gentle's Entry,55.950964,-3.178063,0.45,0.5204,neighbourhood
George IV Bridge,55.948107,-3.191888,0.75,0.8,neighbourhood
George Square,55.943621,-3.188881,0.35,0.6812,neighbourhood
George Square Lane,55.942887,-3.190227,0.35,0.6,neighbourhood
Gibb's Close,55.950701,-3.183304,0.75,0.5,neighbourhood
Gibb's Entry,55.944689,-3.183252,0.75,0.6091,neighbourhood
Gibson Street,55.968665,-3.185842,0.6,0.7,neighbourhood
Gibson Terrace,55.940042,-3.21686,0.4,0.6533,neighbourhood
Gifford Park,55.941877,-3.183269,0.25,0.7,neighbourhood
Gillespie Crescent,55.940288,-3.205734,0.5,0.7,neighbourhood
Gillespie Place,55.940642,-3.203703,0.5,0.9,neighbourhood
Gillsland Park,55.931752,-3.220217,0.15,0.7,neighbourhood
Gillsland Road,55.932659,-3.222394,0.15,0.7,neighbourhood
Gilmore Park,55.941826,-3.211915,0.4,0.6,neighbourhood
Gilmore Place,55.940652,-3.209155,0.4,0.8,neighbourhood
Gilmour Street,55.944877,-3.182073,0.75,0.7,neighbourhood
Gilmour's Close,55.947261,-3.194838,0.7,0.45,neighbourhood
Gilmour's Entry,55.94466,-3.181888,0.75,0.55,neighbourhood
Gladstone Court,55.951382,-3.180525,0.45,0.6,neighbourhood
Gladstone Place,55.969906,-3.159137,0.6,0.8,neighbourhood
Gladstone Terrace,55.938717,-3.185322,0.25,0.7,neighbourhood
Glen Street,55.94385,-3.201602,0.5,0.5089,neighbourhood
Glencairn Crescent,55.947839,-3.221665,0.35,0.7,neighbourhood
Glengyle Terrace,55.940876,-3.202259,0.5,0.7,neighbourhood
Glenlee Avenue,55.953055,-3.149055,0.45,0.7,neighbourhood
Glenlee Gardens,55.952774,-3.149755,0.45,0.7,neighbourhood
Glenogle House,55.962014,-3.206261,0.12,0.5,neighbourhood
Glenogle Place,55.961723,-3.206193,0.12,0.5,neighbourhood
Glenogle Road,55.961459,-3.205819,0.12,0.7,neighbourhood
Glenogle Terrace,55.962292,-3.206375,0.12,0.5,neighbourhood
Glenorchy Terrace,55.931854,-3.174032,0.2,0.7,neighbourhood
Gloucester Lane,55.955332,-3.206802,0.12,0.7,neighbourhood
Gloucester Square,55.955845,-3.207158,0.12,0.55,neighbourhood
Gloucester Street,55.957007,-3.207819,0.12,0.7,neighbourhood
Goldenacre Terrace,55.969763,-3.207244,0.12,0.7,neighbourhood
Gordon Street,55.968251,-3.169938,0.6,0.7,neighbourhood
Gorgie Road,55.938873,-3.228104,0.15,0.9,neighbourhood
Grange Court,55.937382,-3.181388,0.2,0.55,neighbourhood
Grange Crescent,55.932231,-3.186199,0.15,0.7,neighbourhood
Grange Loan,55.931908,-3.186333,0.15,0.7071,neighbourhood
Grange Loan Gardens,55.931321,-3.190246,0.15,0.7,neighbourhood
Grange Road,55.936223,-3.185187,0.2,0.8,neighbourhood
Granny's Green Steps,55.94753,-3.198123,0.65,0.45,neighbourhood
Grantully Place,55.934857,-3.1745,0.2,0.55,neighbourhood
Granville Terrace,55.938273,-3.215164,0.15,0.8,neighbourhood
Grassmarket,55.947419,-3.196213,0.7,0.7625,neighbourhood
Gray's Loan,55.930435,-3.225314,0.15,0.6432,neighbourhood
Great King Street,55.957811,-3.199612,0.3,0.7,neighbourhood
Great Stuart Street,55.953071,-3.210429,0.1,0.7217,neighbourhood
Green Street,55.961614,-3.18853,0.3,0.7,neighbourhood
Greenhill Gardens,55.934224,-3.205399,0.2,0.763,neighbourhood
Greenhill Park,55.93354,-3.208383,0.2,0.7,neighbourhood
Greenhill Place,55.93436,-3.203477,0.2,0.7,neighbourhood
Greenhill Terrace,55.935437,-3.202871,0.2,0.7,neighbourhood
Greenside,55.95683,-3.182943,0.45,0.45,neighbourhood
Greenside End,55.957353,-3.183412,0.45,0.55,neighbourhood
Greenside Lane,55.957045,-3.184498,0.45,0.6,neighbourhood
Greenside Path,55.956338,-3.182842,0.45,0.5,neighbourhood
Greenside Place,55.955704,-3.186003,0.45,0.5,neighbourhood
Greenside Row,55.95603,-3.184726,0.45,0.6,neighbourhood
Greyfriars,55.946678,-3.191522,0.75,0.55,neighbourhood
Greyfriars Place,55.946532,-3.191012,0.75,0.8,neighbourhood
Grindlay Street,55.946701,-3.204106,0.68,0.7,neighbourhood
Grindlay Street Court,55.946281,-3.204481,0.68,0.55,neighbourhood
Grosvenor Gardens,55.946635,-3.22002,0.35,0.5628,neighbourhood
Grove Street,55.944485,-3.211997,0.4,0.7,neighbourhood
Grove Terrace,55.944913,-3.21242,0.4,0.5,neighbourhood
Gullan's Close,55.950014,-3.183051,0.75,0.5403,neighbourhood
Gumley Place,55.967467,-3.146757,0.6,0.7,neighbourhood
Guthrie Street,55.948199,-3.188285,0.75,0.6,neighbourhood
Haddon's Court,55.944315,-3.183125,0.75,0.6584,neighbourhood
Hailes Street,55.941283,-3.204978,0.5,0.7,neighbourhood
Halmyre Street,55.966976,-3.170893,0.6,0.7,neighbourhood
Hamilton Place,55.958832,-3.207623,0.12,0.85,neighbourhood
Hamilton's Folly Mews,55.943344,-3.180056,0.25,0.7,neighbourhood
Hammermen's Entry,55.950503,-3.178723,0.45,0.5009,neighbourhood
Hampton Place,55.944919,-3.227887,0.35,0.7,neighbourhood
Harden Place,55.936909,-3.220093,0.15,0.7,neighbourhood
Hardwell Close,55.94437,-3.181789,0.75,0.7,neighbourhood
Harrismith Place,55.961431,-3.169216,0.45,0.7,neighbourhood
Harrison Gardens,55.934269,-3.228042,0.15,0.7,neighbourhood
Harrison Lane,55.935134,-3.225319,0.15,0.55,neighbourhood
Harrison Place,55.934481,-3.22829,0.15,0.7,neighbourhood
Harrison Road,55.935309,-3.225939,0.15,0.8,neighbourhood
Hart Street,55.958231,-3.188088,0.3,0.7,neighbourhood
Hart Street Lane,55.958059,-3.188264,0.3,0.55,neighbourhood
Hartington Gardens,55.937674,-3.210425,0.2,0.55,neighbourhood
Hartington Place,55.938014,-3.21135,0.4,0.5,neighbourhood
Hastie's Close,55.948407,-3.187579,0.75,0.4551,neighbourhood
Hatters Lane,55.966026,-3.192136,0.3,0.6041,neighbourhood
Hatton Place,55.937545,-3.188765,0.15,0.7,neighbourhood
Haugh Street,55.958557,-3.20903,0.12,0.709,neighbourhood
Hawkhill,55.963755,-3.159155,0.45,0.6593,neighbourhood
Hawkhill Avenue,55.963169,-3.16304,0.45,0.6,neighbourhood
Hawkhill Close,55.962497,-3.163578,0.45,0.7,neighbourhood
Hawthornbank Lane,55.951547,-3.217606,0.1,0.6341,neighbourhood
Hawthornden Place,55.965346,-3.181331,0.45,0.5833,neighbourhood
Haymarket,55.945981,-3.217792,0.35,0.9,neighbourhood
Haymarket Terrace,55.945923,-3.221259,0.35,0.9,neighbourhood
Haymarket Yards,55.945051,-3.222126,0.35,0.6,neighbourhood
Henderson Place,55.959814,-3.202011,0.3,0.6293,neighbourhood
Henderson Place Lane,55.959891,-3.202893,0.3,0.7,neighbourhood
Henderson Row,55.960178,-3.203814,0.12,0.85,neighbourhood
Henderson Terrace,55.939089,-3.22484,0.15,0.8,neighbourhood
Heriot Bridge,55.947139,-3.195511,0.7,0.6,neighbourhood
Heriot Hill Terrace,55.962483,-3.195142,0.3,0.6791,neighbourhood
Heriot Mount,55.944973,-3.178879,0.75,0.4645,neighbourhood
Heriot Place,55.945389,-3.195628,0.7,0.7,neighbourhood
Heriot Row,55.955593,-3.200575,0.3,0.8,neighbourhood
Hermitage Park,55.965833,-3.16217,0.6,0.7,neighbourhood
Hermitage Park Grove,55.9653,-3.160064,0.6,0.6411,neighbourhood
Hermitage Park Lea,55.965221,-3.162479,0.6,0.7,neighbourhood
Hermitage Park South,55.965968,-3.160725,0.6,0.7,neighbourhood
Hermitage Place,55.96917,-3.165586,0.6,0.8,neighbourhood
Hermits Croft,55.942405,-3.177277,0.25,0.7,neighbourhood
High Riggs,55.944873,-3.20259,0.5,0.6535,neighbourhood
High School Wynd,55.948686,-3.185141,0.75,0.6,neighbourhood
High School Yards,55.948856,-3.184186,0.75,0.6221,neighbourhood
High Street,55.950101,-3.188068,0.75,0.7347,neighbourhood
Hill Place,55.946288,-3.184256,0.75,0.7,neighbourhood
Hill Square,55.946654,-3.184184,0.75,0.7,neighbourhood
Hill Street,55.953443,-3.202377,0.3,0.7,neighbourhood
Hill Street North Lane,55.953633,-3.202467,0.3,0.55,neighbourhood
Hill Street South Lane,55.95325,-3.202257,0.3,0.55,neighbourhood
Hillside Crescent,55.9581,-3.178069,0.45,0.7,neighbourhood
Hillside Street,55.958836,-3.178025,0.45,0.7,neighbourhood
Holyrood Gait,55.950368,-3.175387,0.45,0.8,neighbourhood
Holyrood Park Road,55.94044,-3.17293,0.2,0.8,neighbourhood
Holyrood Road,55.950023,-3.179129,0.45,0.7779,neighbourhood
Hope Park Crescent,55.940872,-3.182851,0.25,0.8,neighbourhood
Hope Park Square,55.94205,-3.186032,0.25,0.5,neighbourhood
Hope Park Terrace,55.940672,-3.181835,0.25,0.8,neighbourhood
Hope Street Lane,55.950743,-3.207097,0.65,0.55,neighbourhood
Hope Terrace,55.933261,-3.196984,0.2,0.7,neighbourhood
Hopetoun Court,55.94438,-3.205323,0.68,0.5,neighbourhood
Hopetoun Crescent,55.961468,-3.183584,0.45,0.7,neighbourhood
Hopetoun Street,55.962304,-3.185628,0.45,0.6875,neighbourhood
Horne Terrace,55.939914,-3.214093,0.4,0.67,neighbourhood
Horse Wynd,55.952682,-3.174399,0.45,0.8,neighbourhood
Howden Street,55.944293,-3.182411,0.75,0.7,neighbourhood
Howe Street,55.956681,-3.202497,0.3,0.7244,neighbourhood
Hugh Miller Place,55.961513,-3.211023,0.12,0.7,neighbourhood
Hughes Close,55.966493,-3.1959,0.3,0.56,neighbourhood
Hume Walk,55.955376,-3.183481,0.45,0.4976,neighbourhood
Hunter Square,55.949693,-3.187464,0.75,0.6,neighbourhood
Hunter's Close,55.947601,-3.194526,0.7,0.5,neighbourhood
Huntingdon Place,55.961011,-3.183249,0.45,0.6244,neighbourhood
Huntly Street,55.962543,-3.199204,0.3,0.85,neighbourhood
Hutton Road,55.951146,-3.176937,0.45,0.6,neighbourhood
Hyndford's Close,55.950266,-3.185209,0.75,0.5,neighbourhood
Inchkeith Court,55.963132,-3.180298,0.45,0.55,neighbourhood
India Place,55.956717,-3.20853,0.12,0.6737,neighbourhood
India Street,55.955952,-3.205864,0.12,0.6275,neighbourhood
Industrial Road,55.969317,-3.161937,0.6,0.7,neighbourhood
Infirmary Street,55.948129,-3.185587,0.75,0.6,neighbourhood
Inglis Court,55.946725,-3.198154,0.7,0.55,neighbourhood
Inverleith Avenue South,55.968757,-3.208622,0.12,0.7,neighbourhood
Inverleith Grove,55.965234,-3.220884,0.12,0.55,neighbourhood
Inverleith Place,55.966519,-3.214312,0.12,0.7,neighbourhood
Inverleith Place Lane,55.96759,-3.207757,0.12,0.7,neighbourhood
Inverleith Row,55.966353,-3.204248,0.12,0.85,neighbourhood
Inverleith Terrace,55.963147,-3.206715,0.12,0.7,neighbourhood
Inverleith Terrace Lane,55.963271,-3.202992,0.12,0.55,neighbourhood
Iona Street,55.963594,-3.174122,0.45,0.7048,neighbourhood
Iona Street Lane,55.963961,-3.174767,0.45,0.55,neighbourhood
Jackson's Close,55.95029,-3.188699,0.75,0.5,neighbourhood
Jackson's Entry,55.950876,-3.177644,0.45,0.5,neighbourhood
Jacob's Ladder,55.953,-3.18239,0.45,0.45,neighbourhood
Jamaica Mews,55.955821,-3.203915,0.3,0.4859,neighbourhood
Jamaica Street,55.956034,-3.202547,0.3,0.7,neighbourhood
Jamaica Street North Lane,55.956066,-3.204094,0.3,0.7,neighbourhood
Jamaica Street South Lane,55.955612,-3.203804,0.3,0.7,neighbourhood
Jamaica Street West,55.955571,-3.205264,0.3,0.7,neighbourhood
James Craig Walk,55.954112,-3.188844,0.3,0.75,neighbourhood
James Gall Wynd,55.930235,-3.173151,0.2,0.5816,neighbourhood
Jameson Place,55.965659,-3.174874,0.6,0.7,neighbourhood
Jane Street,55.969467,-3.174169,0.6,0.5927,neighbourhood
Jawbone Walk,55.941523,-3.193132,0.35,0.5,neighbourhood
Jeffrey Street,55.951223,-3.18572,0.75,0.8,neighbourhood
Jex Blake Drive,55.956226,-3.166111,0.45,0.7,neighbourhood
Johnston Terrace,55.947983,-3.198133,0.65,0.6254,neighbourhood
Jollie's Close,55.948973,-3.195125,0.7,0.5,neighbourhood
Keir Street,55.945612,-3.197244,0.7,0.7,neighbourhood
Kemp Place,55.961762,-3.207297,0.12,0.6526,neighbourhood
Kenmure Avenue,55.953357,-3.14831,0.45,0.7,neighbourhood
Kennedy Walk,55.945288,-3.202848,0.68,0.6,neighbourhood
Kerr Street,55.957726,-3.208242,0.12,0.8148,neighbourhood
Kilgraston Court,55.934146,-3.19398,0.15,0.55,neighbourhood
Kilgraston Road,55.932893,-3.193118,0.15,0.8,neighbourhood
Kilmaurs Road,55.934547,-3.165908,0.2,0.7,neighbourhood
Kilmaurs Terrace,55.934304,-3.166591,0.2,0.7,neighbourhood
King's Meadow,55.933065,-3.155203,0.2,0.7,neighbourhood
King's Stables Lane,55.946932,-3.200327,0.65,0.55,neighbourhood
King's Stables Road,55.947655,-3.201289,0.65,0.6,neighbourhood
Kinnear Rise,55.96842,-3.218,0.12,0.6572,neighbourhood
Kinnear Road,55.96793,-3.21815,0.12,0.7,neighbourhood
Kirkhill Drive,55.93509,-3.162447,0.2,0.7,neighbourhood
Kirkhill Gardens,55.935643,-3.164181,0.2,0.7,neighbourhood
Kirkhill Road,55.935228,-3.165246,0.2,0.7,neighbourhood
Kirkhill Terrace,55.935948,-3.163147,0.2,0.7,neighbourhood
Kitchen Service Road,55.961596,-3.225907,0.12,0.55,neighbourhood
Kittle Yards,55.935539,-3.180491,0.2,0.55,neighbourhood
Kyle Place,55.956579,-3.171405,0.45,0.55,neighbourhood
Lady Lawson Street,55.945884,-3.20068,0.68,0.6,neighbourhood
Lady Nairne Crescent,55.945073,-3.141792,0.45,0.7,neighbourhood
Lady Nairne Grove,55.946137,-3.142142,0.45,0.7,neighbourhood
Lady Nairne Loan,55.946608,-3.141281,0.45,0.7,neighbourhood
Lady Nairne Place,55.945581,-3.141585,0.45,0.7,neighbourhood
Lady Stair's Close,55.949656,-3.193659,0.7,0.4703,neighbourhood
Lady Wynd,55.946964,-3.198546,0.7,0.5119,neighbourhood
Ladyfield,55.946053,-3.208887,0.68,0.75,neighbourhood
Lamb's Close,55.944023,-3.181644,0.75,0.55,neighbourhood
Lansdowne Crescent,55.947465,-3.217994,0.35,0.7,neighbourhood
Latta Place,55.96707,-3.145698,0.6,0.6515,neighbourhood
Lauder Road,55.934679,-3.186376,0.15,0.7,neighbourhood
Lauderdale Street,55.936386,-3.19893,0.2,0.7,neighbourhood
Laurel Terrace,55.93617,-3.228491,0.15,0.7,neighbourhood
Lauriston Gardens,55.943552,-3.199268,0.5,0.7,neighbourhood
Lauriston Park,55.94379,-3.200892,0.5,0.6411,neighbourhood
Lauriston Street,55.945194,-3.200934,0.5,0.6,neighbourhood
Lauriston Terrace,55.944719,-3.195057,0.35,0.45,neighbourhood
Lawnmarket,55.949333,-3.193216,0.7,0.7069,neighbourhood
Lawrie Reilly Place,55.959702,-3.166718,0.45,0.6494,neighbourhood
Leamington Place,55.939726,-3.208545,0.4,0.7,neighbourhood
Leamington Road,55.940943,-3.210518,0.4,0.7,neighbourhood
Leamington Terrace,55.939157,-3.208052,0.4,0.7,neighbourhood
Leamington Walk,55.940197,-3.195203,0.35,0.5,neighbourhood
Learmonth Avenue,55.9586,-3.222626,0.1,0.7,neighbourhood
Learmonth Avenue South,55.955669,-3.2206,0.1,0.7,neighbourhood
Learmonth Crescent,55.957712,-3.223373,0.1,0.7,neighbourhood
Learmonth Gardens,55.956658,-3.219379,0.1,0.6873,neighbourhood
Learmonth Gardens Lane,55.95707,-3.21925,0.1,0.55,neighbourhood
Learmonth Gardens Mews,55.956712,-3.215982,0.12,0.7,neighbourhood
Learmonth Grove,55.95792,-3.220639,0.1,0.7,neighbourhood
Learmonth Park,55.958358,-3.221688,0.1,0.7,neighbourhood
Learmonth Place,55.957344,-3.218645,0.12,0.7,neighbourhood
Learmonth Terrace,55.955441,-3.218239,0.1,0.7268,neighbourhood
Learmonth Terrace Lane,55.955944,-3.218492,0.1,0.5151,neighbourhood
Learmonth View,55.955928,-3.217809,0.1,0.7,neighbourhood
Leith Walk,55.958209,-3.184631,0.45,0.7,neighbourhood
Lennox Street Lane,55.955377,-3.214418,0.12,0.55,neighbourhood
Leslie Place,55.957966,-3.210482,0.12,0.7,neighbourhood
Leven Terrace,55.941657,-3.20097,0.5,0.7,neighbourhood
Leven's Close,55.941314,-3.203627,0.5,0.5,neighbourhood
Liddesdale Place,55.961965,-3.203878,0.12,0.6091,neighbourhood
Lilyhill Terrace,55.953727,-3.152404,0.45,0.7,neighbourhood
Lindean Place,55.969112,-3.160481,0.6,0.7,neighbourhood
Lindsay Place,55.946603,-3.190883,0.75,0.8,neighbourhood
Links Gardens,55.969872,-3.160148,0.6,0.8,neighbourhood
Lismore Avenue,55.953909,-3.151794,0.45,0.7,neighbourhood
Lismore Crescent,55.953731,-3.150941,0.45,0.7,neighbourhood
Little King Street,55.955785,-3.187475,0.45,0.55,neighbourhood
Livingstone Place,55.938711,-3.18678,0.25,0.7,neighbourhood
Loaning Crescent,55.961183,-3.145698,0.45,0.7,neighbourhood
Loaning Mills,55.959334,-3.14895,0.45,0.55,neighbourhood
Loaning Road,55.959913,-3.146013,0.45,0.7,neighbourhood
Lochend Avenue,55.963215,-3.156505,0.45,0.7,neighbourhood
Lochend Butterfly Way,55.960871,-3.163223,0.45,0.6715,neighbourhood
Lochend Castle Barns,55.961059,-3.158875,0.45,0.663,neighbourhood
Lochend Close,55.952274,-3.178243,0.45,0.62,neighbourhood
Lochend Crescent,55.960181,-3.151976,0.45,0.7,neighbourhood
Lochend Drive,55.960612,-3.154575,0.45,0.7,neighbourhood
Lochend Gardens,55.961033,-3.15653,0.45,0.7,neighbourhood
Lochend Grove,55.96044,-3.153078,0.45,0.7,neighbourhood
Lochend Park,55.962522,-3.161169,0.45,0.7,neighbourhood
Lochend Park View,55.959671,-3.163149,0.45,0.6384,neighbourhood
Lochend Quadrant,55.960229,-3.153402,0.45,0.7,neighbourhood
Lochend Road,55.966058,-3.163865,0.6,0.8,neighbourhood
Lochend Road South,55.961357,-3.15848,0.45,0.8,neighbourhood
Lochend Square,55.962462,-3.155303,0.45,0.7,neighbourhood
Lochrin Basin Lane,55.941846,-3.207485,0.4,0.55,neighbourhood
Lochrin Place,55.942416,-3.205072,0.5,0.7,neighbourhood
Lochrin Square,55.943496,-3.208275,0.4,0.5,neighbourhood
Logan Street,55.961126,-3.197901,0.3,0.7,neighbourhood
Loganlea Avenue,55.95816,-3.142926,0.45,0.7,neighbourhood
Loganlea Drive,55.958877,-3.145034,0.45,0.7,neighbourhood
Loganlea Gardens,55.958662,-3.147649,0.45,0.7,neighbourhood
Loganlea Loan,55.958113,-3.140935,0.45,0.7,neighbourhood
Loganlea Place,55.957917,-3.144891,0.45,0.7,neighbourhood
Loganlea Road,55.958599,-3.141149,0.45,0.7,neighbourhood
Loganlea Terrace,55.959256,-3.141866,0.45,0.7,neighbourhood
Logie Green Gardens,55.964663,-3.196948,0.3,0.7,neighbourhood
Logie Green Loan,55.964221,-3.196355,0.3,0.7,neighbourhood
Logie Green Road,55.964764,-3.196419,0.3,0.7,neighbourhood
Logie Mill,55.965499,-3.194602,0.3,0.5486,neighbourhood
London Road,55.956866,-3.167906,0.45,0.8626,neighbourhood
London Street,55.959025,-3.192422,0.3,0.7,neighbourhood
Lonsdale Terrace,55.942358,-3.199141,0.5,0.7,neighbourhood
Lord's Row,55.952466,-3.223813,0.1,0.5,neighbourhood
Lorne Place,55.966599,-3.173761,0.6,0.55,neighbourhood
Lorne Square,55.96602,-3.173769,0.6,0.7,neighbourhood
Lorne Street,55.966047,-3.172665,0.6,0.7,neighbourhood
Lothian Road,55.949906,-3.207096,0.68,0.9,neighbourhood
Lothian Street,55.946288,-3.18885,0.75,0.6581,neighbourhood
Lover's Loan,55.934716,-3.189114,0.15,0.5,neighbourhood
Lower Gilmore Place,55.941548,-3.20946,0.4,0.7,neighbourhood
Lower London Road,55.956581,-3.163835,0.45,0.7,neighbourhood
Lutton Place,55.940376,-3.178567,0.2,0.7,neighbourhood
Lyne Street,55.956549,-3.170543,0.45,0.5981,neighbourhood
Lynedoch Place Lane,55.951646,-3.214419,0.1,0.5274,neighbourhood
Lyon's Close,55.950198,-3.188799,0.75,0.5,neighbourhood
Mackenzie Place,55.955978,-3.210389,0.12,0.7,neighbourhood
Magdala Crescent,55.947294,-3.223459,0.35,0.7,neighbourhood
Magdala Mews,55.947904,-3.222698,0.35,0.55,neighbourhood
Mall Roundabout,55.949612,-3.17432,0.45,0.8,neighbourhood
Malta Green,55.959936,-3.210326,0.12,0.55,neighbourhood
Malta Terrace,55.959526,-3.20967,0.12,0.7,neighbourhood
Manderston Street,55.968821,-3.172097,0.6,0.7,neighbourhood
Manor Place,55.949062,-3.215881,0.35,0.6599,neighbourhood
Mansfield Place,55.959731,-3.191358,0.3,0.85,neighbourhood
Mansionhouse Road,55.935554,-3.188931,0.15,0.7,neighbourhood
Marchhall Crescent,55.936374,-3.168686,0.2,0.6594,neighbourhood
Marchhall Place,55.936499,-3.169779,0.2,0.7,neighbourhood
Marchhall Road,55.936583,-3.167895,0.2,0.7,neighbourhood
Marchmont Crescent,55.938062,-3.193625,0.25,0.7,neighbourhood
Marchmont Road,55.937633,-3.194695,0.25,0.8,neighbourhood
Marchmont Street,55.938333,-3.200552,0.2,0.7,neighbourhood
Mardale Crescent,55.933632,-3.214685,0.15,0.7,neighbourhood
Marine Esplanade,55.969775,-3.145232,0.6,0.6,neighbourhood
Marionville Avenue,55.95782,-3.153438,0.45,0.8,neighbourhood
Marionville Crescent,55.958586,-3.153269,0.45,0.7,neighbourhood
Marionville Drive,55.959013,-3.151836,0.45,0.8,neighbourhood
Marionville Grove,55.958689,-3.151304,0.45,0.7,neighbourhood
Marionville Medway,55.958019,-3.151103,0.45,0.7543,neighbourhood
Marionville Park,55.958017,-3.156151,0.45,0.7,neighbourhood
Marionville Road,55.958469,-3.15723,0.45,0.8,neighbourhood
Market Street,55.950828,-3.191271,0.75,0.8,neighbourhood
Marshall Street,55.945588,-3.187379,0.75,0.6583,neighbourhood
Marshall's Court,55.956841,-3.184179,0.45,0.55,neighbourhood
Maryfield,55.958198,-3.170838,0.45,0.45,neighbourhood
Mayfield Gardens,55.932641,-3.173119,0.2,0.9,neighbourhood
Mayfield Gardens Lane,55.933735,-3.173105,0.2,0.55,neighbourhood
Mayfield Road,55.931755,-3.17696,0.2,0.8,neighbourhood
Mayfield Terrace,55.934939,-3.17206,0.2,0.7,neighbourhood
McDonald Place,55.963804,-3.186815,0.45,0.7,neighbourhood
McDonald Road,55.963755,-3.184916,0.45,0.8,neighbourhood
McDonald Street,55.963958,-3.186188,0.45,0.7,neighbourhood
McEwan Square,55.94361,-3.213167,0.4,0.7,neighbourhood
McEwan Walk,55.943017,-3.214604,0.4,0.3634,neighbourhood
McLaren Road,55.932902,-3.169091,0.2,0.7,neighbourhood
McLeod Street,55.940988,-3.229131,0.35,0.7,neighbourhood
McNeil Street,55.939713,-3.213885,0.4,0.7,neighbourhood
Meadow Lane,55.942223,-3.186186,0.25,0.6,neighbourhood
Meadow Place,55.939616,-3.193997,0.25,0.5337,neighbourhood
Meadow Place Lane,55.939303,-3.19259,0.25,0.5,neighbourhood
Meadowbank Avenue,55.955023,-3.15504,0.45,0.7,neighbourhood
Meadowbank Crescent,55.954643,-3.154495,0.45,0.7,neighbourhood
Meadowbank Terrace,55.955107,-3.156431,0.45,0.8,neighbourhood
Meadowfield Court,55.946942,-3.140364,0.45,0.55,neighbourhood
Meadowfield Drive,55.946095,-3.144196,0.45,0.7,neighbourhood
Meadowfield Gardens,55.94425,-3.142921,0.45,0.6122,neighbourhood
Meadowfield Terrace,55.943745,-3.143548,0.45,0.7,neighbourhood
Melgund Terrace,55.961724,-3.19161,0.3,0.7,neighbourhood
Melon Way,55.937104,-3.163841,0.2,0.2,neighbourhood
Melville Crescent,55.949656,-3.213933,0.35,0.6,neighbourhood
Melville Street,55.949268,-3.214671,0.35,0.6,neighbourhood
Melville Street Lane,55.950917,-3.212959,0.1,0.55,neighbourhood
Melville Terrace,55.939633,-3.18536,0.25,0.7,neighbourhood
Melvin Walk,55.942636,-3.212984,0.4,0.6709,neighbourhood
Mentone Gardens,55.931251,-3.17256,0.2,0.7,neighbourhood
Mentone Terrace,55.930988,-3.174976,0.2,0.7,neighbourhood
Merchant Street,55.94767,-3.191707,0.75,0.6,neighbourhood
Merchiston Avenue,55.936292,-3.214419,0.15,0.7,neighbourhood
Merchiston Bank Gardens,55.931796,-3.214319,0.15,0.5,neighbourhood
Merchiston Crescent,55.9343,-3.214936,0.15,0.7,neighbourhood
Merchiston Mews,55.938623,-3.215869,0.15,0.7,neighbourhood
Merchiston Park,55.936903,-3.213061,0.15,0.7,neighbourhood
Merchiston Place,55.935365,-3.211289,0.15,0.7,neighbourhood
Mertoun Place,55.937339,-3.218914,0.15,0.7,neighbourhood
Meuse Lane,55.953104,-3.192538,0.3,0.55,neighbourhood
Mid Common Close,55.950818,-3.183448,0.75,0.5,neighbourhood
Mid Entry,55.949388,-3.194093,0.7,0.5,neighbourhood
Mid Gillsland Road,55.931223,-3.220786,0.15,0.7,neighbourhood
Middle Footbridge,55.950157,-3.199938,0.65,0.5,neighbourhood
Middle Meadow Walk,55.94258,-3.191418,0.35,0.7437,neighbourhood
Middleby Court,55.934574,-3.177115,0.2,0.55,neighbourhood
Middleby Street,55.934631,-3.176084,0.2,0.7,neighbourhood
Middlefield,55.963131,-3.179191,0.45,0.7,neighbourhood
Miller Row,55.952845,-3.213601,0.1,0.7458,neighbourhood
Millerfield Place,55.939072,-3.187943,0.25,0.7,neighbourhood
Milne's Court,55.949538,-3.194574,0.7,0.4634,neighbourhood
Milton Street,55.954468,-3.168376,0.45,0.6404,neighbourhood
Minto Street,55.935595,-3.176132,0.2,0.9,neighbourhood
Moncrieff Terrace,55.939204,-3.183949,0.25,0.7,neighbourhood
Monkwood Court,55.931683,-3.192954,0.15,0.7,neighbourhood
Montague Street,55.941978,-3.180358,0.25,0.7,neighbourhood
Monteith's Close,55.950639,-3.185427,0.75,0.4624,neighbourhood
Montgomery Street,55.959093,-3.17719,0.45,0.6873,neighbourhood
Montgomery Street Lane,55.958702,-3.182822,0.45,0.55,neighbourhood
Montpelier,55.937122,-3.210134,0.2,0.7,neighbourhood
Montpelier Park,55.93663,-3.211092,0.15,0.7,neighbourhood
Montpelier Terrace,55.937949,-3.212597,0.4,0.7,neighbourhood
Montpellier Park,55.93717,-3.211921,0.15,0.7,neighbourhood
Montrose Terrace,55.956939,-3.170986,0.45,0.9,neighbourhood
Moray Park,55.957954,-3.164448,0.45,0.6,neighbourhood
Moray Park Terrace,55.958329,-3.163307,0.45,0.574,neighbourhood
Moray Place,55.95475,-3.208704,0.12,0.7,neighbourhood
Morgan Lane,55.949592,-3.182364,0.75,0.55,neighbourhood
Morningside Place,55.930232,-3.212419,0.15,0.7,neighbourhood
Morningside Road,55.932165,-3.210001,0.15,0.9,neighbourhood
Morrison Circus,55.944642,-3.214282,0.4,0.7,neighbourhood
Morrison Crescent,55.944573,-3.214681,0.4,0.6695,neighbourhood
Morrison Link,55.945386,-3.213913,0.35,0.8,neighbourhood
Morrison Street,55.946174,-3.215642,0.35,0.9,neighbourhood
Morrison's Close,55.950485,-3.186517,0.75,0.4769,neighbourhood
Moston Terrace,55.931724,-3.175428,0.2,0.7,neighbourhood
Mound Place,55.949784,-3.195534,0.7,0.6,neighbourhood
Multrees Walk,55.955142,-3.191489,0.3,0.5046,neighbourhood
Munro Place,55.96303,-3.198326,0.3,0.55,neighbourhood
Murano Place,55.96216,-3.178056,0.45,0.6821,neighbourhood
Murdoch Terrace,55.939824,-3.217788,0.4,0.7,neighbourhood
Muriel Spark Walk,55.937299,-3.204382,0.2,0.5,neighbourhood
Murieston Crescent,55.940628,-3.226682,0.35,0.7,neighbourhood
Murieston Crescent Lane,55.940868,-3.224787,0.35,0.7,neighbourhood
Murieston Lane,55.939499,-3.228001,0.15,0.7,neighbourhood
Murieston Place,55.940322,-3.227653,0.35,0.7,neighbourhood
Murieston Road,55.93962,-3.226945,0.15,0.7,neighbourhood
Murieston Terrace,55.940123,-3.226394,0.35,0.7,neighbourhood
Napier Loan,55.933661,-3.218251,0.15,0.55,neighbourhood
Napier Road,55.933781,-3.217552,0.15,0.7,neighbourhood
Nelson Place,55.957481,-3.195183,0.3,0.5812,neighbourhood
Nelson Street,55.957264,-3.196209,0.3,0.7,neighbourhood
Nether Bakehouse,55.950951,-3.178776,0.45,0.55,neighbourhood
Nether Craigwell,55.952987,-3.177368,0.45,0.55,neighbourhood
New Arthur Place,55.947094,-3.181061,0.75,0.5654,neighbourhood
New Assembly Close,55.949816,-3.188641,0.75,0.4948,neighbourhood
New Broughton,55.958401,-3.191354,0.3,0.55,neighbourhood
New John's Place,55.943744,-3.180954,0.25,0.7,neighbourhood
New Orchardfield,55.966981,-3.176417,0.6,0.6567,neighbourhood
New Skinner's Close,55.949869,-3.185526,0.75,0.55,neighbourhood
New Street,55.951844,-3.182699,0.45,0.6,neighbourhood
Newbattle Terrace,55.930949,-3.204924,0.1,0.7,neighbourhood
Newhaven Road,55.969449,-3.185415,0.6,0.8,neighbourhood
Newington Road,55.938226,-3.178745,0.2,0.9,neighbourhood
Newlands Park,55.932665,-3.172429,0.2,0.55,neighbourhood
Nicolson Square,55.945947,-3.185847,0.75,0.6158,neighbourhood
Nicolson Street,55.946136,-3.185193,0.75,0.9,neighbourhood
Niddrie Mains Road,55.932581,-3.14096,0.2,0.9,neighbourhood
Niddry Street,55.949501,-3.186863,0.75,0.6,neighbourhood
Niddry Street South,55.948524,-3.186338,0.75,0.55,neighbourhood
Nightingale Way,55.944155,-3.195267,0.35,0.7,neighbourhood
Noble Place,55.969057,-3.160906,0.6,0.7,neighbourhood
North Bank Street,55.950015,-3.193856,0.7,0.8,neighbourhood
North Bridge Arcade,55.950641,-3.188248,0.75,0.5,neighbourhood
North Cairntow,55.936367,-3.141713,0.2,0.7,neighbourhood
North Castle Street,55.953842,-3.204243,0.3,0.6,neighbourhood
North Clyde Street Lane,55.95558,-3.192175,0.3,0.55,neighbourhood
North Drive,55.953532,-3.173647,0.45,0.6,neighbourhood
North East Circus Place,55.957508,-3.203374,0.3,0.7,neighbourhood
North East Cumberland Street Lane,55.959098,-3.198549,0.3,0.55,neighbourhood
North Foulis Close,55.950079,-3.189062,0.75,0.5,neighbourhood
North Gray's Close,55.950774,-3.186858,0.75,0.45,neighbourhood
North Meadow Walk,55.942195,-3.191635,0.35,0.75,neighbourhood
North Park Terrace,55.960273,-3.217568,0.12,0.7,neighbourhood
North Peffer Place,55.93518,-3.140914,0.2,0.7,neighbourhood
North Pilrig Heights,55.967116,-3.187337,0.6,0.7,neighbourhood
North Ramp,55.952099,-3.190605,0.75,0.55,neighbourhood
North St Andrew Lane,55.955318,-3.193714,0.3,0.55,neighbourhood
North St Andrew Street,55.955637,-3.192771,0.3,0.75,neighbourhood
North West Circus Place,55.95722,-3.20647,0.12,0.8,neighbourhood
North West Cumberland Street Lane,55.958519,-3.202012,0.3,0.6128,neighbourhood
Northcote Street,55.942994,-3.225329,0.35,0.6357,neighbourhood
Northfield Avenue,55.951895,-3.141876,0.45,0.7,neighbourhood
Northfield Broadway,55.955127,-3.140654,0.45,0.8,neighbourhood
Northfield Heights,55.95176,-3.142841,0.45,0.55,neighbourhood
Northfield Road,55.952057,-3.143029,0.45,0.7,neighbourhood
Northumberland Place,55.957401,-3.195576,0.3,0.7,neighbourhood
Northumberland Place Lane,55.95719,-3.195366,0.3,0.55,neighbourhood
Northumberland Street,55.956856,-3.199115,0.3,0.7,neighbourhood
Northumberland Street North East Lane,55.957453,-3.19767,0.3,0.6454,neighbourhood
Northumberland Street North West Lane,55.956887,-3.200832,0.3,0.7,neighbourhood
Northumberland Street South East Lane,55.956818,-3.197471,0.3,0.6165,neighbourhood
Northumberland Street South West Lane,55.956291,-3.200501,0.3,0.7,neighbourhood
Norton Park,55.958902,-3.168552,0.45,0.7,neighbourhood
Oakfield Place,55.946584,-3.181079,0.75,0.4779,neighbourhood
Ogilvie Terrace,55.932664,-3.227271,0.15,0.7,neighbourhood
Old Assembly Close,55.949579,-3.189198,0.75,0.5,neighbourhood
Old Broughton,55.958057,-3.191913,0.3,0.55,neighbourhood
Old Church Lane,55.941592,-3.147653,0.2,0.7,neighbourhood
Old Fishmarket Close,55.949202,-3.18949,0.75,0.55,neighbourhood
Old Infirmary Lane,55.948072,-3.184473,0.75,0.45,neighbourhood
Old Playhouse Close,55.950634,-3.181622,0.45,0.5,neighbourhood
Old Stamp Office Close,55.950137,-3.188919,0.75,0.5,neighbourhood
Old Tolbooth Wynd,55.951986,-3.180474,0.45,0.6382,neighbourhood
Orchard Brae,55.958239,-3.225881,0.1,0.8,neighbourhood
Orchard Brae Avenue,55.955496,-3.226475,0.1,0.6847,neighbourhood
Orchard Brae Gardens,55.956449,-3.225819,0.1,0.7,neighbourhood
Orchard Brae Gardens West,55.955946,-3.228542,0.1,0.7,neighbourhood
Orchard Brae West,55.957787,-3.225472,0.1,0.7,neighbourhood
Orchard Grove,55.957546,-3.226555,0.1,0.7,neighbourhood
Orchard Place,55.95711,-3.228267,0.1,0.7,neighbourhood
Orchard Road,55.95752,-3.22704,0.1,0.7,neighbourhood
Orchardfield Lane,55.966291,-3.175907,0.6,0.55,neighbourhood
Orwell Place,55.942926,-3.2192,0.35,0.7,neighbourhood
Orwell Terrace,55.942293,-3.220559,0.35,0.6531,neighbourhood
Oxford Street,55.939972,-3.177566,0.2,0.7,neighbourhood
Paisley Avenue,55.948863,-3.142401,0.45,0.7,neighbourhood
Paisley Close,55.950492,-3.186079,0.75,0.5,neighbourhood
Paisley Crescent,55.950773,-3.147894,0.45,0.7,neighbourhood
Paisley Drive,55.947093,-3.14214,0.45,0.7,neighbourhood
Paisley Gardens,55.950066,-3.14799,0.45,0.7,neighbourhood
Paisley Grove,55.948973,-3.142835,0.45,0.7,neighbourhood
Paisley Terrace,55.949815,-3.148367,0.45,0.7,neighbourhood
Palmerston Place,55.948587,-3.217392,0.35,0.8,neighbourhood
Palmerston Place Lane,55.947448,-3.216467,0.35,0.55,neighbourhood
Palmerston Road,55.936034,-3.19208,0.15,0.7,neighbourhood
Panmure Close,55.951862,-3.178563,0.45,0.5,neighbourhood
Panmure Place,55.943028,-3.20035,0.5,0.7,neighbourhood
Papermill Wynd,55.964769,-3.185674,0.45,0.7,neighbourhood
Parkside Street,55.941832,-3.177585,0.25,0.55,neighbourhood
Parkside Terrace,55.941354,-3.175416,0.2,0.6836,neighbourhood
Parkvale Place,55.969156,-3.161371,0.6,0.7,neighbourhood
Parliament Square,55.949582,-3.19006,0.75,0.6,neighbourhood
Parsons Green Terrace,55.955002,-3.153636,0.45,0.7,neighbourhood
Patrick Geddes Steps,55.948198,-3.196223,0.7,0.45,neighbourhood
Patriothall,55.958768,-3.207018,0.12,0.55,neighbourhood
Pavilion Crescent,55.930706,-3.167198,0.2,0.7,neighbourhood
Peel Terrace,55.933087,-3.172605,0.2,0.7,neighbourhood
Peffer Bank,55.933529,-3.14308,0.2,0.7,neighbourhood
Peffer Place,55.934636,-3.141244,0.2,0.7,neighbourhood
Peffer Street,55.934783,-3.142055,0.2,0.7,neighbourhood
Peffermill Road,55.932084,-3.149925,0.2,0.8888,neighbourhood
Pembroke Place,55.944613,-3.228758,0.35,0.7,neighbourhood
Perth Street,55.960952,-3.203571,0.12,0.6,neighbourhood
Picardy Place,55.957234,-3.185967,0.45,0.89,neighbourhood
Piersfield Grove,55.955767,-3.144046,0.45,0.7,neighbourhood
Piersfield Place,55.955989,-3.141178,0.45,0.55,neighbourhood
Piershill Lane,55.954482,-3.147888,0.45,0.55,neighbourhood
Piershill Square East,55.955821,-3.145685,0.45,0.7,neighbourhood
Piershill Square West,55.955774,-3.147889,0.45,0.7,neighbourhood
Piershill Terrace,55.95413,-3.14614,0.45,0.7,neighbourhood
Pilrig Cottages,55.965476,-3.178132,0.45,0.5,neighbourhood
Pilrig Gardens,55.9668,-3.183274,0.6,0.7,neighbourhood
Pilrig Glebe,55.964298,-3.178396,0.45,0.7,neighbourhood
Pilrig Heights,55.966305,-3.185369,0.45,0.7,neighbourhood
Pilrig House Close,55.969668,-3.181782,0.6,0.6299,neighbourhood
Pilrig Street,55.966313,-3.18125,0.6,0.8,neighbourhood
Pilton Drive,55.969476,-3.228152,0.12,0.7444,neighbourhood
Piper's Walk,55.944636,-3.162358,0.45,0.35,neighbourhood
Pirniefield Bank,55.968236,-3.149749,0.6,0.6822,neighbourhood
Pirniefield Gardens,55.968086,-3.15117,0.6,0.7,neighbourhood
Pirniefield Grove,55.967753,-3.150942,0.6,0.7,neighbourhood
Pirniefield Place,55.968013,-3.151736,0.6,0.7,neighbourhood
Pirniefield Terrace,55.968741,-3.152888,0.6,0.5,neighbourhood
Pirrie's Close,55.95063,-3.183128,0.75,0.5,neighbourhood
Pitsligo Road,55.931565,-3.204573,0.1,0.7,neighbourhood
Playfair Steps,55.950356,-3.194854,0.7,0.45,neighbourhood
Pleasance,55.946673,-3.181849,0.75,0.7851,neighbourhood
Polwarth Crescent,55.938054,-3.217591,0.15,0.7184,neighbourhood
Polwarth Gardens,55.936563,-3.219248,0.15,0.8,neighbourhood
Polwarth Grove,55.935357,-3.222093,0.15,0.77,neighbourhood
Polwarth Park,55.936393,-3.220576,0.15,0.7,neighbourhood
Polwarth Terrace,55.934085,-3.221836,0.15,0.7491,neighbourhood
Port Hamilton,55.944145,-3.208377,0.4,0.6,neighbourhood
Porteous' Pend,55.946821,-3.197136,0.7,0.5,neighbourhood
Porters Walk,55.944086,-3.192709,0.35,0.5,neighbourhood
Portgower Place,55.960544,-3.214564,0.12,0.7037,neighbourhood
Portobello Road,55.955214,-3.144713,0.45,0.9,neighbourhood
Portsburgh Square,55.946569,-3.198667,0.7,0.45,neighbourhood
Potterrow,55.94517,-3.186631,0.75,0.8,neighbourhood
Potterrow Port,55.94668,-3.187979,0.75,0.5,neighbourhood
Powderhall Brae,55.967011,-3.194724,0.3,0.6457,neighbourhood
Powderhall Rigg,55.966895,-3.191929,0.3,0.638,neighbourhood
Powderhall Road,55.966301,-3.193777,0.3,0.7,neighbourhood
Prestonfield Avenue,55.933218,-3.160482,0.2,0.6885,neighbourhood
Prestonfield Bank,55.93358,-3.165443,0.2,0.6661,neighbourhood
Prestonfield Crescent,55.93128,-3.162544,0.2,0.7,neighbourhood
Prestonfield Gardens,55.93263,-3.163801,0.2,0.7,neighbourhood
Prestonfield Road,55.932131,-3.161284,0.2,0.7,neighbourhood
Prestonfield Terrace,55.934001,-3.163322,0.2,0.7,neighbourhood
Priestfield Avenue,55.933915,-3.15617,0.2,0.7,neighbourhood
Priestfield Crescent,55.934232,-3.160515,0.2,0.7,neighbourhood
Priestfield Gardens,55.934304,-3.156901,0.2,0.669,neighbourhood
Priestfield Grove,55.936032,-3.161748,0.2,0.7,neighbourhood
Priestfield Road,55.935264,-3.162027,0.2,0.7,neighbourhood
Priestfield Road North,55.936413,-3.166731,0.2,0.7,neighbourhood
Primrose Street,55.968225,-3.164664,0.6,0.7,neighbourhood
Primrose Terrace,55.935412,-3.22916,0.45,0.7,neighbourhood
Princes Street,55.950134,-3.207555,0.68,0.8,neighbourhood
Prospect Bank Crescent,55.968531,-3.154629,0.6,0.7,neighbourhood
Prospect Bank Gardens,55.966883,-3.15601,0.6,0.7,neighbourhood
Prospect Bank Grove,55.96748,-3.154575,0.6,0.7,neighbourhood
Prospect Bank Place,55.967262,-3.153053,0.6,0.7,neighbourhood
Prospect Bank Road,55.967771,-3.154591,0.6,0.7,neighbourhood
Prospect Bank Terrace,55.967487,-3.153152,0.6,0.7,neighbourhood
Quarry Close,55.944374,-3.184415,0.75,0.55,neighbourhood
Queen Street Gardens East,55.955445,-3.198292,0.3,0.8,neighbourhood
Queen's Crescent,55.934102,-3.169917,0.2,0.7,neighbourhood
Queen's Drive,55.945937,-3.159096,0.45,0.6323,neighbourhood
Queen's Park Avenue,55.954093,-3.155584,0.45,0.7,neighbourhood
Queen's Park Court,55.953563,-3.152946,0.45,0.7,neighbourhood
Queensferry Road,55.954861,-3.220622,0.1,0.8965,neighbourhood
Queensferry Street,55.95096,-3.210059,0.68,0.843,neighbourhood
Queensferry Street Lane,55.949968,-3.210024,0.68,0.55,neighbourhood
Queensferry Terrace,55.953432,-3.228751,0.1,0.8,neighbourhood
Radical Road,55.946116,-3.1727,0.75,0.2,neighbourhood
Raeburn Mews,55.959301,-3.213931,0.12,0.7,neighbourhood
Raeburn Place,55.959055,-3.212301,0.12,0.85,neighbourhood
Raeburn Street,55.958597,-3.212429,0.12,0.7,neighbourhood
Ramsay Garden,55.949321,-3.196373,0.65,0.7,neighbourhood
Ramsay Lane,55.949126,-3.195865,0.7,0.6,neighbourhood
Randolph Crescent,55.952055,-3.21159,0.1,0.8,neighbourhood
Randolph Lane,55.951978,-3.209933,0.68,0.55,neighbourhood
Randolph Place,55.951321,-3.210132,0.68,0.7,neighbourhood
Rankeillor Street,55.942596,-3.180868,0.25,0.7,neighbourhood
Ratcliffe Terrace,55.934016,-3.178413,0.2,0.8,neighbourhood
Ravelston Dykes,55.952893,-3.227912,0.1,0.8,neighbourhood
Ravelston Park,55.952604,-3.227046,0.1,0.7,neighbourhood
Ravelston Terrace,55.953532,-3.224253,0.1,0.7,neighbourhood
Redbraes Grove,55.968539,-3.188576,0.6,0.7,neighbourhood
Redbraes Place,55.968961,-3.188078,0.6,0.6494,neighbourhood
Reekie's Court,55.945458,-3.184927,0.75,0.55,neighbourhood
Regent Road,55.954083,-3.178859,0.45,0.9,neighbourhood
Regent Terrace,55.954587,-3.176649,0.45,0.725,neighbourhood
Regent Walk,55.953981,-3.181321,0.45,0.5,neighbourhood
Regents. Court,55.941783,-3.220253,0.35,0.55,neighbourhood
Register Place,55.954235,-3.191059,0.3,0.6,neighbourhood
Reid Terrace,55.961228,-3.211379,0.12,0.7,neighbourhood
Reid's Close,55.951617,-3.17638,0.45,0.55,neighbourhood
Reid's Court,55.952001,-3.177533,0.45,0.55,neighbourhood
Relugas Gardens,55.930293,-3.178687,0.2,0.7,neighbourhood
Relugas Road,55.93072,-3.177987,0.2,0.7,neighbourhood
Restalrig Avenue,55.957136,-3.145316,0.45,0.6,neighbourhood
Restalrig Circus,55.965604,-3.153363,0.6,0.7,neighbourhood
Restalrig Crescent,55.96493,-3.152168,0.6,0.7,neighbourhood
Restalrig Drive,55.960657,-3.147347,0.45,0.7,neighbourhood
Restalrig Gardens,55.961339,-3.149737,0.45,0.7,neighbourhood
Restalrig Park,55.963839,-3.156396,0.6,0.6026,neighbourhood
Restalrig Railway Path,55.96594,-3.157786,0.6,0.35,neighbourhood
Restalrig Road,55.966908,-3.157029,0.6,0.8,neighbourhood
Restalrig Road South,55.959119,-3.150833,0.45,0.7623,neighbourhood
Restalrig Square,55.963256,-3.152202,0.6,0.7,neighbourhood
Restalrig Terrace,55.967962,-3.162228,0.6,0.7,neighbourhood
Richmond Lane,55.945385,-3.182335,0.75,0.6,neighbourhood
Richmond Place,55.946637,-3.1835,0.75,0.6294,neighbourhood
Richmond Terrace,55.944071,-3.21625,0.35,0.7,neighbourhood
Riddell's Close,55.949089,-3.193568,0.7,0.4866,neighbourhood
Riego Street,55.944849,-3.203454,0.68,0.6,neighbourhood
Rillbank Crescent,55.939396,-3.189142,0.25,0.7,neighbourhood
Rillbank Terrace,55.938893,-3.189123,0.25,0.7,neighbourhood
Rintoul Place,55.961441,-3.210532,0.12,0.7,neighbourhood
Ritchie Place,55.937523,-3.222906,0.15,0.7,neighbourhood
Robertson's Close,55.948437,-3.185982,0.75,0.55,neighbourhood
Robertson's Court,55.95282,-3.175125,0.45,0.55,neighbourhood
Rocheid Park,55.967495,-3.225458,0.12,0.7,neighbourhood
Rocheid Path,55.962411,-3.20756,0.12,0.35,neighbourhood
Rochester Terrace,55.934323,-3.213453,0.15,0.7,neighbourhood
Rodney Place,55.961801,-3.195848,0.3,0.7,neighbourhood
Rodney Street,55.962011,-3.195754,0.3,0.8192,neighbourhood
Romero Place,55.937164,-3.170594,0.2,0.55,neighbourhood
Rope Walk,55.940749,-3.21184,0.4,0.666,neighbourhood
Rose Street,55.952263,-3.200005,0.65,0.75,neighbourhood
Rose Street North Lane,55.952466,-3.199909,0.65,0.55,neighbourhood
Rose Street South Lane,55.95205,-3.199849,0.65,0.55,neighbourhood
Rosebank Cottages,55.945116,-3.210608,0.4,0.7,neighbourhood
Rosebery Crescent,55.946439,-3.219324,0.35,0.7,neighbourhood
Rosebery Crescent Lane,55.946543,-3.218703,0.35,0.55,neighbourhood
Rosemount Buildings,55.944495,-3.210553,0.4,0.7,neighbourhood
Roseneath Place,55.939046,-3.193622,0.25,0.7,neighbourhood
Roseneath Street,55.938129,-3.192259,0.25,0.7,neighbourhood
Roseneath Terrace,55.938901,-3.1924,0.25,0.7,neighbourhood
Rosevale Place,55.969015,-3.161788,0.6,0.7,neighbourhood
Rosevale Terrace,55.968624,-3.162319,0.6,0.7,neighbourhood
Rossie Place,55.958735,-3.169137,0.45,0.6813,neighbourhood
Rosslyn Crescent,55.965785,-3.18335,0.45,0.7,neighbourhood
Rosslyn Terrace,55.965533,-3.18239,0.45,0.5,neighbourhood
Rothesay Mews,55.950451,-3.219378,0.1,0.7,neighbourhood
Rothesay Place,55.950487,-3.217673,0.1,0.7,neighbourhood
Rothesay Terrace,55.950564,-3.218005,0.1,0.7,neighbourhood
Roxburgh Place,55.947244,-3.184223,0.75,0.7,neighbourhood
Roxburgh Street,55.947567,-3.183286,0.75,0.7,neighbourhood
Roxburgh's Close,55.949929,-3.19109,0.75,0.5,neighbourhood
Royal Circus,55.956985,-3.204475,0.3,0.7,neighbourhood
Royal Crescent,55.959731,-3.19767,0.3,0.7,neighbourhood
Royal Park Place,55.954872,-3.162608,0.45,0.7,neighbourhood
Royal Park Terrace,55.954679,-3.160189,0.45,0.7,neighbourhood
Royal Terrace,55.956914,-3.178455,0.45,0.7,neighbourhood
Russell Road,55.941999,-3.228729,0.35,0.6,neighbourhood
Rutland Court,55.948274,-3.208966,0.68,0.5,neighbourhood
Rutland Court Lane,55.948008,-3.208885,0.68,0.55,neighbourhood
Rutland Place,55.950012,-3.208401,0.68,0.6,neighbourhood
Rutland Square,55.948718,-3.209192,0.68,0.6716,neighbourhood
Rutland Street,55.949513,-3.207947,0.68,0.7,neighbourhood
Ryehill Avenue,55.966763,-3.1602,0.6,0.7,neighbourhood
Ryehill Gardens,55.967016,-3.159405,0.6,0.7,neighbourhood
Ryehill Grove,55.966337,-3.159855,0.6,0.7,neighbourhood
Ryehill Place,55.967352,-3.158721,0.6,0.7,neighbourhood
Ryehill Terrace,55.967408,-3.159899,0.6,0.7,neighbourhood
Saint David's Terrace,55.94578,-3.21162,0.4,0.5174,neighbourhood
Salisbury Place,55.937125,-3.179212,0.2,0.8,neighbourhood
Salisbury Road,55.937925,-3.175801,0.2,0.6,neighbourhood
Sauchiebank,55.942946,-3.227634,0.35,0.6,neighbourhood
Saunders Street,55.957113,-3.209423,0.12,0.7,neighbourhood
Saxe-Coburg Place,55.960524,-3.208727,0.12,0.7,neighbourhood
Saxe-Coburg Street,55.960509,-3.207545,0.12,0.5849,neighbourhood
Sciennes,55.938737,-3.182637,0.2,0.7,neighbourhood
Sciennes Gardens,55.937387,-3.182706,0.2,0.7,neighbourhood
Sciennes Hill Place,55.937333,-3.1822,0.2,0.7,neighbourhood
Sciennes House Place,55.93774,-3.181739,0.2,0.7,neighbourhood
Sciennes Place,55.938997,-3.182421,0.2,0.7,neighbourhood
Sciennes Road,55.937968,-3.186921,0.15,0.7074,neighbourhood
Scone Gardens,55.954487,-3.151876,0.45,0.7,neighbourhood
Scotland Street,55.960092,-3.195082,0.3,0.7,neighbourhood
Scotsman Steps,55.951217,-3.188518,0.75,0.45,neighbourhood
Scott's Close,55.948178,-3.190358,0.75,0.5,neighbourhood
Seacot,55.968268,-3.150247,0.6,0.7,neighbourhood
Seafield Avenue,55.968269,-3.150516,0.6,0.7,neighbourhood
Seafield Road,55.96912,-3.14309,0.6,0.9,neighbourhood
Seafield Street,55.968292,-3.145859,0.6,0.6405,neighbourhood
Semple's Close,55.949015,-3.19528,0.7,0.5,neighbourhood
Seton Place,55.935425,-3.183365,0.2,0.7,neighbourhood
Shandwick Place,55.948557,-3.211789,0.68,0.6,neighbourhood
Shaw's Place,55.963698,-3.180617,0.45,0.55,neighbourhood
Shaw's Square,55.959228,-3.18661,0.45,0.5,neighbourhood
Shaw's Street,55.963874,-3.180831,0.45,0.5,neighbourhood
Shaw's Terrace,55.963932,-3.181028,0.45,0.55,neighbourhood
Shoemakers Close,55.951985,-3.181192,0.45,0.5238,neighbourhood
Shoemakers Square,55.951673,-3.181265,0.45,0.5,neighbourhood
Shrubhill Walk,55.963236,-3.181577,0.45,0.7,neighbourhood
Sibbald Walk,55.951797,-3.181865,0.45,0.67,neighbourhood
Sienna Gardens,55.938308,-3.183469,0.2,0.55,neighbourhood
Silvermills,55.95945,-3.204228,0.12,0.7099,neighbourhood
Simon Square,55.944744,-3.182665,0.75,0.7,neighbourhood
Simpson Loan,55.943517,-3.194281,0.35,0.6438,neighbourhood
Slateford Road,55.936544,-3.2281,0.15,0.9,neighbourhood
Slater's Steps,55.950623,-3.178314,0.45,0.45,neighbourhood
Sleigh Drive,55.962306,-3.152538,0.45,0.8,neighbourhood
Sleigh Gardens,55.962064,-3.150068,0.45,0.7,neighbourhood
Sloan Street,55.964793,-3.173276,0.45,0.7,neighbourhood
Smith's Place,55.967243,-3.173758,0.6,0.5572,neighbourhood
Somerset Place,55.968954,-3.163569,0.6,0.7,neighbourhood
South Bridge,55.948675,-3.18682,0.75,0.9,neighbourhood
South Clerk Street,55.940394,-3.180556,0.25,0.9,neighbourhood
South College Street,55.947032,-3.186994,0.75,0.6,neighbourhood
South East Circus Place,55.956894,-3.203043,0.3,0.8,neighbourhood
South East Cumberland Street Lane,55.958646,-3.198279,0.3,0.55,neighbourhood
South Elixa Place,55.952483,-3.141798,0.45,0.7,neighbourhood
South Ettrick Road,55.932036,-3.218145,0.15,0.7,neighbourhood
South Gayfield Lane,55.958491,-3.185558,0.45,0.7,neighbourhood
South Gray Street,55.934363,-3.176744,0.2,0.7,neighbourhood
South Gray's Close,55.949751,-3.185088,0.75,0.5213,neighbourhood
South Lauder Road,55.931456,-3.182388,0.2,0.7,neighbourhood
South Learmonth Gardens,55.956359,-3.218763,0.1,0.7,neighbourhood
South Lorne Place,55.966403,-3.172574,0.6,0.7,neighbourhood
South Meadow Walk,55.940632,-3.198087,0.5,0.5,neighbourhood
South Oxford Street,55.939166,-3.176829,0.2,0.7,neighbourhood
South Ramp,55.951704,-3.190332,0.75,0.55,neighbourhood
South Sloan Street,55.963021,-3.17407,0.45,0.7,neighbourhood
South West Cumberland Street Lane,55.958109,-3.20149,0.3,0.55,neighbourhood
Sovereign Court,55.962497,-3.184155,0.45,0.7,neighbourhood
Spence Street,55.935966,-3.170265,0.2,0.7,neighbourhood
Spey Street,55.963695,-3.179128,0.45,0.7,neighbourhood
Spey Street Lane,55.96417,-3.179792,0.45,0.55,neighbourhood
Spey Terrace,55.964057,-3.180518,0.45,0.7,neighbourhood
Spittal Street,55.946436,-3.202876,0.68,0.6,neighbourhood
Spittal Street Lane,55.946469,-3.202345,0.68,0.55,neighbourhood
Spittalfield Crescent,55.941626,-3.178712,0.25,0.75,neighbourhood
Spottiswoode Road,55.936262,-3.195889,0.2,0.7,neighbourhood
Spottiswoode Street,55.937366,-3.197649,0.2,0.7,neighbourhood
Spring Gardens,55.955254,-3.165623,0.45,0.7,neighbourhood
Springfield,55.968089,-3.178026,0.6,0.646,neighbourhood
Springfield Lane,55.967308,-3.175748,0.6,0.7,neighbourhood
Springfield Street,55.968245,-3.176319,0.6,0.6947,neighbourhood
Springwell Place,55.942161,-3.223944,0.35,0.7,neighbourhood
Spylaw Road,55.931994,-3.220489,0.15,0.7,neighbourhood
St Alban's Road,55.93103,-3.18034,0.2,0.7,neighbourhood
St Bernard's Bridge,55.956309,-3.210434,0.12,0.6,neighbourhood
St Catherine's Place,55.937073,-3.184793,0.2,0.7,neighbourhood
St Clair Avenue,55.965726,-3.169117,0.6,0.7,neighbourhood
St Clair Place,55.964179,-3.169371,0.45,0.7,neighbourhood
St Clair Road,55.965041,-3.168982,0.6,0.7,neighbourhood
St Clair Street,55.964043,-3.167776,0.45,0.6,neighbourhood
St David's Place,55.945741,-3.212023,0.4,0.7,neighbourhood
St Giles' Street,55.94995,-3.192271,0.75,0.6,neighbourhood
St James Crescent,55.955041,-3.188796,0.3,0.522,neighbourhood
St John Street,55.950312,-3.180758,0.45,0.6,neighbourhood
St John's Hill,55.94877,-3.181495,0.75,0.5952,neighbourhood
St Leonard's Bank,55.942881,-3.176267,0.25,0.7,neighbourhood
St Leonard's Crag,55.943609,-3.177856,0.25,0.55,neighbourhood
St Leonard's Hill,55.943895,-3.178779,0.75,0.7,neighbourhood
St Leonard's Lane,55.943115,-3.1783,0.25,0.7,neighbourhood
St Leonard's Street,55.942366,-3.178943,0.25,0.8,neighbourhood
St Margaret's Place,55.93492,-3.198727,0.2,0.6452,neighbourhood
St Margaret's Road,55.934472,-3.202317,0.2,0.7,neighbourhood
St Mark's Path,55.968969,-3.195026,0.3,0.5,neighbourhood
St Mary's Street,55.949935,-3.183718,0.75,0.8,neighbourhood
St Patrick Square,55.94329,-3.183658,0.25,0.6597,neighbourhood
St Stephen Place,55.958112,-3.207582,0.12,0.47,neighbourhood
St Stephen Street,55.958217,-3.205504,0.12,0.7,neighbourhood
St Thomas Road,55.930952,-3.186447,0.15,0.7,neighbourhood
St Triduana's Rest,55.960827,-3.148374,0.45,0.7,neighbourhood
St Vincent Place,55.958743,-3.202743,0.3,0.75,neighbourhood
St Vincent Street,55.957745,-3.203062,0.3,0.7,neighbourhood
St. Bernard's Crescent,55.957506,-3.212621,0.12,0.7,neighbourhood
St. Bernard's Row,55.959456,-3.210229,0.12,0.704,neighbourhood
St. Colme Street,55.95309,-3.209668,0.12,0.8,neighbourhood
St. James Place,55.955785,-3.189397,0.3,0.5866,neighbourhood
St. Ninian's Row,55.953911,-3.187551,0.45,0.55,neighbourhood
St. Teresa Place,55.932779,-3.219583,0.15,0.7,neighbourhood
Stable Lane,55.930582,-3.213912,0.15,0.55,neighbourhood
Stafford Street,55.949814,-3.211513,0.68,0.6,neighbourhood
Stafford Street Lane,55.950374,-3.211131,0.68,0.55,neighbourhood
Stanhope Place,55.944979,-3.226676,0.35,0.7,neighbourhood
Stanhope Street,55.945372,-3.227449,0.35,0.7,neighbourhood
Stanley Place,55.956025,-3.165032,0.45,0.5145,neighbourhood
Stanwell Street,55.969619,-3.177456,0.6,0.7,neighbourhood
Stead's Place,55.968453,-3.174987,0.6,0.6701,neighbourhood
Stevenlaw's Close,55.949332,-3.188216,0.75,0.52,neighbourhood
Stoddart Way,55.964246,-3.195364,0.3,0.7,neighbourhood
Strathearn Place,55.933411,-3.202904,0.2,0.8,neighbourhood
Strathearn Road,55.934191,-3.197434,0.2,0.8,neighbourhood
Strathfillan Road,55.934388,-3.198249,0.2,0.55,neighbourhood
Sugarhouse Close,55.950941,-3.17963,0.45,0.503,neighbourhood
Summerbank,55.961197,-3.19492,0.3,0.75,neighbourhood
Summerfield Gardens,55.969346,-3.158034,0.6,0.7,neighbourhood
Summerfield Place,55.96924,-3.160024,0.6,0.7,neighbourhood
Summerhall Square,55.939519,-3.181784,0.2,0.6,neighbourhood
Sunbury Bridge,55.951604,-3.222004,0.1,0.45,neighbourhood
Sunbury Mews,55.951492,-3.220292,0.1,0.7,neighbourhood
Sunbury Place,55.951558,-3.22136,0.1,0.6743,neighbourhood
Sunbury Street,55.951852,-3.220348,0.1,0.7,neighbourhood
Sunnybank Place,55.955981,-3.16209,0.45,0.5,neighbourhood
Sunnybank Terrace,55.955826,-3.162621,0.45,0.5665,neighbourhood
Sunnyside,55.96069,-3.169963,0.45,0.6292,neighbourhood
Surgeon Square,55.948381,-3.184176,0.75,0.55,neighbourhood
Surgeon's Square,55.948583,-3.183178,0.75,0.55,neighbourhood
Sutherland Street,55.944573,-3.226603,0.35,0.6702,neighbourhood
Sylvan Place,55.938774,-3.190121,0.25,0.7,neighbourhood
Tanfield,55.962831,-3.202572,0.12,0.5429,neighbourhood
Tanfield Footbridge,55.962351,-3.202426,0.12,0.45,neighbourhood
Tanners Close,55.947033,-3.200327,0.65,0.55,neighbourhood
Tantallon Place,55.936991,-3.186161,0.15,0.7,neighbourhood
Tarvit Street,55.942305,-3.201642,0.5,0.7,neighbourhood
Tay Street,55.938734,-3.22155,0.15,0.7,neighbourhood
Taylor Place,55.956164,-3.163261,0.45,0.7,neighbourhood
Telfer subway,55.941087,-3.21919,0.4,0.45,neighbourhood
Temple Park Crescent,55.937282,-3.220274,0.15,0.7,neighbourhood
Terrars Croft,55.942262,-3.17679,0.25,0.7,neighbourhood
Teviot Place,55.945533,-3.190178,0.75,0.8,neighbourhood
Teviotdale Place,55.961694,-3.208206,0.12,0.6494,neighbourhood
The Causeway,55.942272,-3.147132,0.2,0.7,neighbourhood
The Dasses,55.948331,-3.163286,0.45,0.35,neighbourhood
The Dry Dam,55.948003,-3.161583,0.45,0.35,neighbourhood
The Field Pathway,55.944405,-3.148775,0.45,0.3599,neighbourhood
The Limes,55.932596,-3.216562,0.15,0.55,neighbourhood
The Measured Walk,55.943593,-3.148917,0.45,0.35,neighbourhood
The Mound,55.950852,-3.196111,0.65,0.7988,neighbourhood
The News Steps,55.950377,-3.192014,0.75,0.45,neighbourhood
The Pend,55.942326,-3.148534,0.2,0.35,neighbourhood
The Quarter Mile,55.951726,-3.156303,0.45,0.35,neighbourhood
The Scotsman Steps,55.951132,-3.188549,0.75,0.45,neighbourhood
The Vennel,55.941928,-3.149322,0.2,0.5,neighbourhood
Thirlestane Road,55.935383,-3.197789,0.2,0.7,neighbourhood
Thistle Place,55.939413,-3.21464,0.4,0.7,neighbourhood
Thistle Street,55.954251,-3.197614,0.3,0.7,neighbourhood
Thistle Street North East Lane,55.954696,-3.196193,0.3,0.55,neighbourhood
Thistle Street North West Lane,55.954166,-3.199341,0.3,0.55,neighbourhood
Thistle Street South East Lane,55.954319,-3.195975,0.3,0.55,neighbourhood
Thistle Street South West Lane,55.953778,-3.199133,0.3,0.55,neighbourhood
Thorntree Street,55.967613,-3.170517,0.6,0.6232,neighbourhood
Thorntreeside,55.966486,-3.168666,0.6,0.7,neighbourhood
Thornybauk,55.944265,-3.205928,0.68,0.7,neighbourhood
Tinto Place,55.969589,-3.183558,0.6,0.7,neighbourhood
Tipperlinn Road,55.930956,-3.215383,0.15,0.7,neighbourhood
Toddrick's Wynd,55.95036,-3.185817,0.75,0.5,neighbourhood
Torphichen Place,55.946569,-3.214226,0.35,0.9,neighbourhood
Torphichen Place Lane,55.946559,-3.214603,0.35,0.55,neighbourhood
Torphichen Street,55.946982,-3.212924,0.35,0.8533,neighbourhood
Townswomen's Guild Walk,55.940923,-3.18763,0.25,0.5,neighbourhood
Tron Square,55.948957,-3.188679,0.75,0.5386,neighbourhood
Trunk's Close,55.950714,-3.185308,0.75,0.4886,neighbourhood
Tweeddale Court,55.950272,-3.184554,0.75,0.4826,neighbourhood
Tynecastle Lane,55.93859,-3.229311,0.45,0.55,neighbourhood
Tytler Court,55.955162,-3.168279,0.45,0.6395,neighbourhood
Tytler Gardens,55.954945,-3.170014,0.45,0.7,neighbourhood
Ulster Crescent,55.949457,-3.144956,0.45,0.6795,neighbourhood
Ulster Drive,55.950565,-3.144415,0.45,0.7,neighbourhood
Ulster Gardens,55.948885,-3.140877,0.45,0.7,neighbourhood
Ulster Terrace,55.948041,-3.141292,0.45,0.7,neighbourhood
Union Path,55.942033,-3.209456,0.4,0.75,neighbourhood
Union Street,55.957768,-3.185723,0.45,0.6,neighbourhood
Union Walk,55.942005,-3.209763,0.4,0.5,neighbourhood
Upper Bow,55.948978,-3.194125,0.7,0.75,neighbourhood
Upper Damside,55.952425,-3.218797,0.1,0.55,neighbourhood
Upper Dean Terrace,55.956193,-3.212745,0.12,0.7,neighbourhood
Upper Gilmore Place,55.940754,-3.208163,0.4,0.7,neighbourhood
Upper Gilmore Terrace,55.940272,-3.208125,0.4,0.7,neighbourhood
Upper Gray Street,55.936137,-3.178576,0.2,0.7,neighbourhood
Upper Greenside Lane,55.956589,-3.185036,0.45,0.45,neighbourhood
Upper Hermitage,55.967136,-3.163978,0.6,0.7,neighbourhood
Usher Mews,55.936638,-3.206625,0.2,0.7,neighbourhood
Vallence's Entry,55.952089,-3.176588,0.45,0.5,neighbourhood
Valleyfield Street,55.941466,-3.202697,0.5,0.7,neighbourhood
Vanburgh Place Lane,55.968612,-3.166259,0.6,0.55,neighbourhood
Veitch's Square,55.958887,-3.208948,0.12,0.6274,neighbourhood
Vennel,55.946215,-3.197051,0.7,0.45,neighbourhood
Ventnor Place,55.931891,-3.168493,0.2,0.7,neighbourhood
Ventnor Terrace,55.931809,-3.170392,0.2,0.7,neighbourhood
Victoria Street,55.948701,-3.193062,0.7,0.75,neighbourhood
Victoria Terrace,55.948608,-3.193964,0.7,0.4948,neighbourhood
Viewcraig Gardens,55.948,-3.18005,0.75,0.6906,neighbourhood
Viewcraig Street,55.948744,-3.178943,0.75,0.7,neighbourhood
Viewforth,55.939175,-3.211317,0.4,0.6606,neighbourhood
Viewforth Gardens,55.937727,-3.207303,0.2,0.7,neighbourhood
Viewforth Square,55.939111,-3.210256,0.4,0.7,neighbourhood
Viewforth Terrace,55.938692,-3.212446,0.4,0.7,neighbourhood
Violet Terrace,55.935969,-3.228167,0.15,0.7,neighbourhood
Volunteer's Walk,55.947518,-3.166746,0.45,0.4052,neighbourhood
Walker Street,55.949462,-3.213653,0.35,0.6393,neighbourhood
Warden's Close,55.947634,-3.194012,0.7,0.55,neighbourhood
Wardrop's Court,55.949667,-3.193272,0.7,0.5,neighbourhood
Warrender Park Crescent,55.938173,-3.20209,0.2,0.7,neighbourhood
Warrender Park Road,55.93803,-3.198041,0.2,0.7013,neighbourhood
Warrender Park Terrace,55.939274,-3.198037,0.2,0.7,neighbourhood
Warriston Avenue,55.968249,-3.201423,0.12,0.7,neighbourhood
Warriston Crescent,55.96434,-3.199963,0.3,0.6015,neighbourhood
Warriston Drive,55.967549,-3.203224,0.12,0.7,neighbourhood
Warriston Gardens,55.968694,-3.203506,0.12,0.7,neighbourhood
Warriston Grove,55.968142,-3.20458,0.12,0.7,neighbourhood
Warriston Path,55.965358,-3.199559,0.3,0.5,neighbourhood
Warriston Road,55.966503,-3.197324,0.3,0.7,neighbourhood
Warriston Terrace,55.968122,-3.203252,0.12,0.7,neighbourhood
Warriston's Close,55.950249,-3.190868,0.75,0.45,neighbourhood
Washington Lane,55.942674,-3.222095,0.35,0.7,neighbourhood
Water of Leith Walkway,55.953919,-3.217047,0.1,0.4393,neighbourhood
Waterloo Place,55.953696,-3.187078,0.45,0.8266,neighbourhood
Watson Crescent,55.937956,-3.221067,0.15,0.6757,neighbourhood
Watson Crescent Lane,55.936919,-3.222616,0.15,0.55,neighbourhood
Waverley Park,55.954649,-3.1671,0.45,0.7,neighbourhood
Waverley Park Terrace,55.954483,-3.166805,0.45,0.45,neighbourhood
Waverley Steps,55.952771,-3.189997,0.3,0.45,neighbourhood
Waverley drop-off point,55.952988,-3.186924,0.45,0.55,neighbourhood
Well Court,55.952071,-3.217775,0.1,0.4636,neighbourhood
Wellington Street,55.958612,-3.176228,0.45,0.7,neighbourhood
Wemyss Place,55.954229,-3.205739,0.3,0.6018,neighbourhood
Wemyss Place Mews,55.954133,-3.206168,0.3,0.55,neighbourhood
West Adam Street,55.947079,-3.183269,0.75,0.7,neighbourhood
West Annandale Street,55.963122,-3.189938,0.3,0.7,neighbourhood
West Bow,55.948309,-3.194342,0.7,0.6698,neighbourhood
West Bryson Road,55.936557,-3.225107,0.15,0.6867,neighbourhood
West Castle Road,55.935053,-3.217122,0.15,0.7,neighbourhood
West Catherine Place,55.944866,-3.228936,0.35,0.7,neighbourhood
West Coates,55.945852,-3.226356,0.35,0.9,neighbourhood
West College Street,55.947284,-3.188171,0.75,0.6,neighbourhood
West Crosscauseway,55.943827,-3.184513,0.25,0.6,neighbourhood
West End Place,55.941788,-3.221823,0.35,0.5295,neighbourhood
West Entry,55.949409,-3.194234,0.7,0.5,neighbourhood
West Footbridge,55.94939,-3.203045,0.65,0.55,neighbourhood
West Grange Gardens,55.930931,-3.188242,0.15,0.55,neighbourhood
West Kilnacre,55.96186,-3.163314,0.45,0.55,neighbourhood
West Maitland Street,55.946908,-3.215443,0.35,0.8034,neighbourhood
West Mayfield,55.933503,-3.176032,0.2,0.7,neighbourhood
West Mill Lane,55.952612,-3.216994,0.1,0.7,neighbourhood
West Montgomery Place,55.959912,-3.178597,0.45,0.5,neighbourhood
West Newington Place,55.937946,-3.179832,0.2,0.6141,neighbourhood
West Norton Place,55.956942,-3.172141,0.45,0.6178,neighbourhood
West Park Place,55.943845,-3.21984,0.35,0.6,neighbourhood
West Port,55.946353,-3.199861,0.65,0.8,neighbourhood
West Register Street,55.953649,-3.190568,0.3,0.6,neighbourhood
West Register Street Lane,55.953524,-3.191002,0.3,0.55,neighbourhood
West Scotland Street Lane,55.959497,-3.195572,0.3,0.55,neighbourhood
West Silvermills Lane,55.959157,-3.204609,0.12,0.7,neighbourhood
West Tollcross,55.942796,-3.206036,0.5,0.7089,neighbourhood
West Winnelstrae,55.969623,-3.226577,0.12,0.7,neighbourhood
Wester Coates Avenue,55.946888,-3.228364,0.35,0.7,neighbourhood
Wester Coates Gardens,55.947846,-3.229041,0.35,0.7,neighbourhood
Wester Coates Place,55.948264,-3.229477,0.35,0.55,neighbourhood
Wester Coates Road,55.946848,-3.229559,0.35,0.7,neighbourhood
Westhall Gardens,55.937987,-3.207991,0.2,0.7,neighbourhood
Weston Gait,55.935729,-3.22823,0.15,0.7,neighbourhood
White Horse Close,55.952741,-3.17567,0.45,0.5,neighbourhood
Whitehouse Loan,55.935181,-3.201779,0.2,0.6696,neighbourhood
Whitehouse Terrace,55.931168,-3.19649,0.2,0.7,neighbourhood
Whyte Place,55.956361,-3.164787,0.45,0.5435,neighbourhood
Wilfrid Terrace,55.954383,-3.150555,0.45,0.7,neighbourhood
William Street,55.949044,-3.213115,0.35,0.6,neighbourhood
William Street North East Lane,55.949596,-3.212634,0.35,0.55,neighbourhood
William Street North West Lane,55.948838,-3.214142,0.35,0.55,neighbourhood
William Street South East Lane,55.949256,-3.21204,0.68,0.55,neighbourhood
William Street South West Lane,55.948526,-3.213726,0.35,0.55,neighbourhood
Willowbrae Avenue,55.952568,-3.148852,0.45,0.7,neighbourhood
Willowbrae Gardens,55.952785,-3.144559,0.45,0.7,neighbourhood
Willowbrae Road,55.952403,-3.144586,0.45,0.9,neighbourhood
Wilson's Court,55.951258,-3.17898,0.45,0.4715,neighbourhood
Windmill Close,55.944152,-3.185251,0.75,0.55,neighbourhood
Windmill Place,55.94423,-3.185288,0.75,0.5,neighbourhood
Windmill Street,55.943928,-3.187112,0.35,0.55,neighbourhood
Windsor Street,55.958646,-3.181891,0.45,0.7,neighbourhood
Windsor Street Lane,55.958868,-3.180778,0.45,0.55,neighbourhood
Wishaw Terrace,55.956813,-3.160818,0.45,0.7,neighbourhood
Wolseley Crescent,55.954376,-3.149975,0.45,0.7,neighbourhood
Woodcroft Road,55.931787,-3.202486,0.2,0.7,neighbourhood
Woodville Terrace,55.966532,-3.162675,0.6,0.7,neighbourhood
World's End Close,55.950397,-3.184453,0.75,0.5,neighbourhood
Wright's Houses,55.940119,-3.203342,0.5,0.7,neighbourhood
Writers' Court,55.949884,-3.190564,0.75,0.5,neighbourhood
Wyvern Park,55.932276,-3.191013,0.15,0.55,neighbourhood
Yeaman Lane,55.939953,-3.218464,0.4,0.55,neighbourhood
Yeaman Place,55.939535,-3.218947,0.4,0.7,neighbourhood
York Lane,55.957005,-3.189601,0.3,0.7,neighbourhood
York Place,55.956272,-3.190589,0.3,0.8,neighbourhood
Young Street,55.952899,-3.205556,0.65,0.7,neighbourhood
Young Street North Lane,55.953099,-3.205577,0.65,0.55,neighbourhood
Young Street South Lane,55.952723,-3.205368,0.65,0.55,neighbourhood
